-- phpMyAdmin SQL Dump
-- version 5.0.3
-- https://www.phpmyadmin.net/
--
-- Host: 127.0.0.1
-- Generation Time: Jun 14, 2021 at 07:08 AM
-- Server version: 10.4.14-MariaDB
-- PHP Version: 7.2.34

SET SQL_MODE = "NO_AUTO_VALUE_ON_ZERO";
START TRANSACTION;
SET time_zone = "+00:00";


/*!40101 SET @OLD_CHARACTER_SET_CLIENT=@@CHARACTER_SET_CLIENT */;
/*!40101 SET @OLD_CHARACTER_SET_RESULTS=@@CHARACTER_SET_RESULTS */;
/*!40101 SET @OLD_COLLATION_CONNECTION=@@COLLATION_CONNECTION */;
/*!40101 SET NAMES utf8mb4 */;

--
-- Database: `matrimony`
--

-- --------------------------------------------------------

--
-- Table structure for table `activity`
--

CREATE TABLE `activity` (
  `id` int(10) NOT NULL,
  `web_id` int(10) NOT NULL,
  `facility_id` int(10) NOT NULL,
  `pkg_id` int(10) NOT NULL,
  `date` date NOT NULL,
  `to_whom` int(10) NOT NULL,
  `status` enum('pending','accepted','declined','blocked') NOT NULL,
  `active` int(10) NOT NULL,
  `feedback` varchar(150) NOT NULL,
  `template_id` int(10) NOT NULL
) ENGINE=InnoDB DEFAULT CHARSET=utf8mb4;

--
-- Dumping data for table `activity`
--

INSERT INTO `activity` (`id`, `web_id`, `facility_id`, `pkg_id`, `date`, `to_whom`, `status`, `active`, `feedback`, `template_id`) VALUES
(1, 34, 3, 0, '2020-08-12', 36, 'pending', 0, '', 0),
(3, 36, 3, 0, '2020-08-12', 32, 'pending', 0, '', 0),
(4, 36, 3, 0, '2020-08-12', 29, 'pending', 0, '', 0),
(5, 32, 3, 0, '2020-08-12', 36, 'pending', 0, '', 0),
(6, 34, 3, 0, '2020-08-12', 36, 'pending', 0, '', 0),
(7, 36, 5, 0, '2020-08-14', 34, 'pending', 0, '', 0),
(8, 34, 7, 0, '2020-08-14', 36, 'pending', 0, '', 0),
(23, 34, 3, 0, '2020-08-20', 34, 'pending', 0, '', 0),
(33, 1217, 3, 0, '2020-08-26', 1217, 'pending', 0, 'ahsdhadj', 0),
(50, 1287, 3, 0, '2020-09-11', 1222, 'pending', 0, '', 0),
(61, 1212, 5, 0, '2020-10-06', 1383, 'pending', 0, '', 0),
(62, 1212, 3, 0, '2020-10-06', 1383, 'pending', 0, '', 0),
(63, 1383, 3, 0, '2020-10-13', 1212, 'pending', 0, '', 0),
(64, 1212, 3, 0, '2020-10-06', 0, 'pending', 0, 'gsag', 1),
(65, 1384, 8, 0, '2020-10-06', 1212, 'blocked', 0, 'fhh', 1),
(66, 1212, 1, 0, '2020-10-06', 1385, 'pending', 0, '', 0),
(67, 1212, 4, 0, '2020-10-06', 1385, 'pending', 0, '', 0),
(68, 1212, 5, 0, '2020-10-06', 1385, 'pending', 0, '', 0),
(69, 1433, 5, 0, '2020-10-11', 1385, 'pending', 0, '', 0),
(70, 1446, 5, 0, '2020-10-12', 1443, 'pending', 0, '', 0),
(71, 1446, 1, 0, '2020-10-12', 1443, 'pending', 0, '', 0),
(72, 1446, 3, 0, '2020-10-12', 1443, 'pending', 0, '', 0),
(73, 1443, 5, 0, '2020-10-12', 1446, 'pending', 0, '', 0),
(74, 1443, 1, 0, '2020-10-12', 1446, 'pending', 0, '', 0),
(75, 1443, 5, 0, '2020-10-12', 1383, 'pending', 0, '', 0),
(76, 1443, 5, 0, '2020-10-12', 1385, 'pending', 0, '', 0),
(77, 1446, 5, 0, '2020-10-12', 1383, 'pending', 0, '', 0),
(78, 1446, 4, 0, '2020-10-12', 1383, 'pending', 0, '', 0),
(79, 1446, 4, 0, '2020-10-12', 1443, 'pending', 0, '', 0),
(80, 1446, 5, 0, '2020-10-12', 1446, 'pending', 0, '', 0),
(81, 1455, 5, 0, '2020-10-12', 1212, 'pending', 0, '', 0),
(82, 1455, 5, 0, '2020-10-12', 1448, 'pending', 0, '', 0),
(83, 1456, 5, 0, '2020-10-13', 1433, 'pending', 0, '', 0),
(84, 1212, 5, 0, '2020-10-13', 1433, 'pending', 0, '', 0),
(85, 1212, 4, 0, '2020-10-13', 1212, 'pending', 0, '', 0),
(86, 1212, 4, 0, '2020-10-13', 1212, 'pending', 0, '', 0),
(87, 1212, 5, 0, '2020-10-13', 1413, 'pending', 0, '', 0),
(88, 1440, 5, 0, '2020-10-14', 1387, 'pending', 0, '', 0),
(89, 1440, 5, 0, '2020-10-14', 1443, 'pending', 0, '', 0),
(90, 1440, 5, 0, '2020-10-14', 1391, 'pending', 0, '', 0),
(91, 1476, 5, 0, '2020-10-14', 1443, 'pending', 0, '', 0),
(92, 1480, 3, 0, '2020-10-14', 1446, 'pending', 0, '', 0),
(93, 1480, 5, 0, '2020-10-14', 1471, 'pending', 0, '', 0),
(94, 1480, 1, 0, '2020-10-14', 1471, 'pending', 0, '', 0),
(95, 1448, 5, 0, '2020-10-14', 1446, 'pending', 0, '', 0),
(96, 1480, 5, 0, '2020-10-15', 2159, 'pending', 0, '', 0),
(97, 1480, 5, 0, '2020-10-15', 1387, 'pending', 0, '', 0),
(98, 2307, 3, 0, '2020-10-15', 2307, 'pending', 0, '', 0),
(99, 2307, 5, 0, '2020-10-15', 1816, 'pending', 0, '', 0),
(100, 2307, 1, 0, '2020-10-15', 1816, 'pending', 0, '', 0),
(101, 2307, 4, 0, '2020-10-15', 1747, 'pending', 0, '', 0),
(102, 2307, 4, 0, '2020-10-15', 1786, 'pending', 0, '', 0),
(103, 2307, 4, 0, '2020-10-15', 1994, 'pending', 0, '', 0),
(104, 2316, 5, 0, '2020-10-15', 2318, 'pending', 0, '', 0),
(105, 2305, 5, 0, '2020-10-15', 1424, 'pending', 0, '', 0),
(106, 2305, 5, 0, '2020-10-15', 1387, 'pending', 0, '', 0),
(107, 2305, 3, 0, '2020-10-15', 1390, 'pending', 0, '', 0),
(108, 2305, 4, 0, '2020-10-15', 1392, 'pending', 0, '', 0),
(109, 2305, 1, 0, '2020-10-15', 1392, 'pending', 0, '', 0),
(110, 2305, 5, 0, '2020-10-15', 1393, 'pending', 0, '', 0),
(111, 2314, 3, 0, '2020-10-15', 2314, 'pending', 0, '', 0),
(112, 1460, 5, 0, '2021-01-01', 1443, 'pending', 0, '', 0),
(113, 1460, 5, 0, '2020-10-16', 1456, 'pending', 0, '', 0),
(114, 2379, 3, 0, '2020-10-16', 2379, 'pending', 0, '', 0),
(115, 2379, 1, 0, '2020-10-16', 2379, 'pending', 0, '', 0),
(116, 2379, 4, 0, '2020-10-16', 2379, 'pending', 0, '', 0),
(117, 2379, 5, 0, '2020-10-16', 1387, 'pending', 0, '', 0),
(118, 2379, 5, 0, '2020-10-16', 2379, 'pending', 0, '', 0),
(119, 2379, 5, 0, '2020-10-16', 2318, 'pending', 0, '', 0),
(120, 2379, 4, 0, '2020-10-16', 2379, 'pending', 0, '', 0),
(121, 2379, 4, 0, '2020-10-16', 2379, 'pending', 0, '', 0),
(122, 2379, 4, 0, '2020-10-16', 1390, 'pending', 0, '', 0),
(123, 2379, 4, 0, '2020-10-16', 1388, 'pending', 0, '', 0),
(124, 2379, 4, 0, '2020-10-16', 1388, 'pending', 0, '', 0),
(125, 2316, 3, 0, '2020-10-16', 2178, 'pending', 0, '', 0),
(126, 2316, 5, 0, '2020-10-16', 1962, 'pending', 0, '', 0),
(127, 2316, 5, 0, '2020-10-27', 2316, 'pending', 0, '', 0),
(128, 2316, 1, 0, '2020-10-16', 2316, 'pending', 0, '', 0),
(129, 2389, 5, 0, '2020-10-16', 2379, 'pending', 0, '', 0),
(130, 2389, 5, 0, '2020-10-16', 2389, 'pending', 0, '', 0),
(131, 2389, 5, 0, '2020-10-16', 2318, 'pending', 0, '', 0),
(132, 2394, 1, 0, '2020-10-16', 1459, 'pending', 0, '', 0),
(133, 2394, 5, 0, '2020-10-16', 1443, 'pending', 0, '', 0),
(134, 2394, 5, 0, '2020-10-16', 1459, 'pending', 0, '', 0),
(135, 1443, 5, 0, '2021-01-16', 1418, 'pending', 0, '', 0),
(136, 2303, 1, 0, '2020-10-17', 2303, 'pending', 0, '', 0),
(137, 2303, 3, 0, '2020-10-17', 2303, 'pending', 0, '', 0),
(138, 2303, 4, 0, '2020-10-17', 2303, 'pending', 0, '', 0),
(139, 2403, 5, 0, '2020-10-17', 1462, 'pending', 0, '', 0),
(140, 1447, 5, 0, '2020-10-19', 1460, 'pending', 0, '', 0),
(141, 1443, 5, 0, '2020-10-21', 2316, 'pending', 0, '', 0),
(142, 1443, 5, 0, '2020-10-19', 2404, 'pending', 0, '', 0),
(143, 1443, 5, 0, '2021-01-29', 1433, 'pending', 0, '', 0),
(144, 1460, 5, 0, '2020-10-19', 1484, 'pending', 0, '', 0),
(145, 1443, 5, 0, '2020-10-19', 1713, 'pending', 0, '', 0),
(146, 1443, 5, 0, '2021-01-05', 1459, 'pending', 0, '', 0),
(147, 1443, 5, 0, '2020-10-19', 1424, 'pending', 0, '', 0),
(148, 1447, 5, 0, '2020-10-19', 1433, 'pending', 0, '', 0),
(149, 1447, 5, 0, '2020-10-19', 1476, 'pending', 0, '', 0),
(150, 1443, 5, 0, '2020-10-19', 1576, 'pending', 0, '', 0),
(151, 1447, 5, 0, '2020-10-19', 1486, 'pending', 0, '', 0),
(152, 1443, 5, 0, '2020-10-19', 1487, 'pending', 0, '', 0),
(153, 1443, 5, 0, '2020-10-19', 1435, 'pending', 0, '', 0),
(154, 1447, 5, 0, '2020-10-19', 1480, 'pending', 0, '', 0),
(155, 1447, 5, 0, '2020-10-19', 2379, 'pending', 0, '', 0),
(156, 1447, 5, 0, '2020-10-19', 1496, 'pending', 0, '', 0),
(157, 1447, 5, 0, '2020-10-19', 1507, 'pending', 0, '', 0),
(158, 1443, 5, 0, '2020-10-19', 1482, 'pending', 0, '', 0),
(159, 1443, 5, 0, '2020-10-19', 1496, 'pending', 0, '', 0),
(160, 2307, 5, 0, '2020-10-19', 2430, 'pending', 0, '', 0),
(161, 1480, 5, 0, '2020-10-19', 2404, 'pending', 0, '', 0),
(162, 1480, 5, 0, '2020-10-19', 1433, 'pending', 0, '', 0),
(163, 1480, 5, 0, '2020-10-19', 1396, 'pending', 0, '', 0),
(164, 1480, 5, 0, '2020-10-19', 1400, 'pending', 0, '', 0),
(165, 2443, 1, 0, '2020-10-19', 2443, 'pending', 0, '', 0),
(166, 2443, 3, 0, '2020-10-19', 1387, 'pending', 0, '', 0),
(167, 2443, 5, 0, '2020-10-19', 1404, 'pending', 0, '', 0),
(168, 2450, 3, 0, '2020-10-19', 2450, 'pending', 0, '', 0),
(169, 2450, 1, 0, '2020-10-19', 2450, 'pending', 0, '', 0),
(170, 2497, 5, 0, '2020-10-22', 1435, 'pending', 0, '', 0),
(171, 2497, 3, 0, '2020-10-22', 1435, 'pending', 0, '', 0),
(172, 2497, 5, 0, '2020-10-22', 1388, 'pending', 0, '', 0),
(173, 2499, 1, 0, '2020-10-22', 2499, 'pending', 0, '', 0),
(174, 2504, 5, 0, '2020-10-23', 1462, 'pending', 0, '', 0),
(175, 1443, 5, 0, '2020-10-26', 2549, 'pending', 0, '', 0),
(176, 2552, 5, 0, '2020-10-26', 1418, 'pending', 0, '', 0),
(177, 2552, 5, 0, '2020-10-26', 2552, 'pending', 0, '', 0),
(178, 2562, 4, 0, '2020-10-26', 2562, 'pending', 0, '', 0),
(179, 2562, 3, 0, '2020-10-26', 2562, 'pending', 0, '', 0),
(180, 2562, 1, 0, '2020-10-26', 2562, 'pending', 0, '', 0),
(181, 2569, 5, 0, '2020-10-26', 2408, 'pending', 0, '', 0),
(182, 2572, 5, 0, '2020-10-27', 1456, 'pending', 0, '', 0),
(183, 2577, 5, 0, '2020-10-27', 1448, 'pending', 0, '', 0),
(184, 2577, 1, 0, '2020-10-27', 1448, 'pending', 0, '', 0),
(185, 2577, 3, 0, '2020-10-27', 1448, 'pending', 0, '', 0),
(186, 2577, 4, 0, '2020-10-27', 1448, 'pending', 0, '', 0),
(187, 2577, 5, 0, '2020-10-27', 1433, 'pending', 0, '', 0),
(188, 2577, 5, 0, '2020-10-27', 2497, 'pending', 0, '', 0),
(189, 2577, 5, 0, '2020-10-27', 1388, 'pending', 0, '', 0),
(190, 2577, 5, 0, '2020-10-27', 1406, 'pending', 0, '', 0),
(191, 2577, 5, 0, '2020-10-27', 2577, 'pending', 0, '', 0),
(192, 2316, 5, 0, '2020-10-27', 1395, 'pending', 0, '', 0),
(193, 2316, 5, 0, '2020-10-27', 1448, 'pending', 0, '', 0),
(194, 2316, 5, 0, '2020-10-27', 1388, 'pending', 0, '', 0),
(195, 2316, 5, 0, '2020-10-27', 2577, 'pending', 0, '', 0),
(196, 2316, 5, 0, '2020-10-27', 1460, 'pending', 0, '', 0),
(197, 2316, 4, 0, '2020-10-27', 1460, 'pending', 0, '', 0),
(198, 2316, 5, 0, '2020-10-27', 1399, 'pending', 0, '', 0),
(199, 2316, 5, 0, '2020-10-27', 1393, 'pending', 0, '', 0),
(200, 2316, 5, 0, '2020-10-27', 1397, 'pending', 0, '', 0),
(201, 2577, 5, 0, '2020-10-27', 2407, 'pending', 0, '', 0),
(202, 2577, 4, 0, '2020-10-27', 2407, 'pending', 0, '', 0),
(203, 2577, 5, 0, '2020-10-27', 2379, 'pending', 0, '', 0),
(204, 2577, 5, 0, '2020-10-27', 1408, 'pending', 0, '', 0),
(205, 2577, 5, 0, '2020-10-27', 1393, 'pending', 0, '', 0),
(206, 2577, 5, 0, '2020-10-27', 1447, 'pending', 0, '', 0),
(207, 2379, 5, 0, '2020-10-27', 1408, 'pending', 0, '', 0),
(208, 2334, 1, 0, '2020-10-27', 1387, 'pending', 0, '', 0),
(209, 2613, 3, 0, '2020-10-28', 2613, 'pending', 0, '', 0),
(210, 2613, 5, 0, '2020-10-28', 1440, 'pending', 0, '', 0),
(211, 2613, 4, 0, '2020-10-28', 1440, 'pending', 0, '', 0),
(212, 2613, 1, 0, '2020-10-28', 1440, 'pending', 0, '', 0),
(213, 2632, 5, 0, '2020-10-30', 1448, 'pending', 0, '', 0),
(214, 2634, 5, 0, '2020-10-30', 1424, 'pending', 0, '', 0),
(215, 2634, 5, 0, '2020-10-30', 1440, 'pending', 0, '', 0),
(216, 2634, 5, 0, '2020-10-30', 1446, 'pending', 0, '', 0),
(217, 2634, 3, 0, '2020-10-30', 1418, 'pending', 0, '', 0),
(218, 1411, 3, 0, '2020-10-30', 2634, 'pending', 0, 'sdg', 1),
(219, 2634, 5, 0, '2020-10-30', 2466, 'pending', 0, '', 0),
(220, 2640, 5, 0, '2020-10-30', 2378, 'pending', 0, '', 0),
(221, 1447, 5, 0, '2020-11-20', 1418, 'pending', 0, '', 0),
(222, 2661, 5, 0, '2020-10-31', 1448, 'pending', 0, '', 0),
(223, 2663, 5, 0, '2020-10-31', 1456, 'pending', 0, '', 0),
(224, 2663, 3, 0, '2020-10-31', 1456, 'pending', 0, '', 0),
(225, 2663, 1, 0, '2020-10-31', 1456, 'pending', 0, '', 0),
(226, 2670, 1, 0, '2020-10-31', 2670, 'pending', 0, '', 0),
(227, 2670, 3, 0, '2020-10-31', 2670, 'pending', 0, '', 0),
(228, 2670, 4, 0, '2020-10-31', 2670, 'pending', 0, '', 0),
(229, 2673, 5, 0, '2020-10-31', 1443, 'pending', 0, '', 0),
(230, 2684, 5, 0, '2020-11-02', 2497, 'pending', 0, '', 0),
(231, 2684, 5, 0, '2020-11-02', 1443, 'pending', 0, '', 0),
(232, 1460, 5, 0, '2020-11-02', 2689, 'pending', 0, '', 0),
(233, 2690, 5, 0, '2020-11-02', 2688, 'pending', 0, '', 0),
(234, 2691, 5, 0, '2020-11-02', 2692, 'pending', 0, '', 0),
(235, 2691, 3, 0, '2020-11-02', 1418, 'pending', 0, '', 0),
(236, 2706, 1, 0, '2020-11-03', 2706, 'pending', 0, '', 0),
(237, 2706, 3, 0, '2020-11-03', 2706, 'pending', 0, '', 0),
(238, 2706, 4, 0, '2020-11-03', 2706, 'pending', 0, '', 0),
(239, 2688, 5, 0, '2020-11-03', 2690, 'pending', 0, '', 0),
(240, 1447, 5, 0, '2020-11-04', 1427, 'pending', 0, '', 0),
(241, 2499, 4, 0, '2020-11-04', 2499, 'pending', 0, '', 0),
(242, 2675, 1, 0, '2020-11-04', 2675, 'pending', 0, '', 0),
(243, 2720, 1, 0, '2020-11-04', 2720, 'pending', 0, '', 0),
(244, 2723, 5, 0, '2020-11-17', 2623, 'pending', 0, '', 0),
(245, 2723, 5, 0, '2020-11-10', 2706, 'pending', 0, '', 0),
(246, 2723, 3, 0, '2020-11-05', 2572, 'pending', 0, '', 0),
(247, 2723, 1, 0, '2020-11-05', 2623, 'pending', 0, '', 0),
(248, 2723, 4, 0, '2020-11-05', 2706, 'pending', 0, '', 0),
(249, 2723, 5, 0, '2020-11-05', 2577, 'pending', 0, '', 0),
(250, 2723, 4, 0, '2020-11-05', 2577, 'pending', 0, '', 0),
(251, 2723, 5, 0, '2020-11-10', 2572, 'pending', 0, '', 0),
(252, 2723, 5, 0, '2020-11-05', 2670, 'pending', 0, '', 0),
(253, 2605, 5, 0, '2020-11-05', 2389, 'pending', 0, '', 0),
(254, 2605, 5, 0, '2020-11-05', 1443, 'pending', 0, '', 0),
(255, 2605, 5, 0, '2020-11-05', 2303, 'pending', 0, '', 0),
(256, 2307, 5, 0, '2020-11-05', 2382, 'pending', 0, '', 0),
(257, 2738, 5, 0, '2020-11-28', 1462, 'pending', 0, '', 0),
(258, 2738, 5, 0, '2020-11-05', 2455, 'pending', 0, '', 0),
(259, 2739, 5, 0, '2020-11-05', 2394, 'pending', 0, '', 0),
(260, 2739, 5, 0, '2020-11-05', 1435, 'pending', 0, '', 0),
(261, 2305, 5, 0, '2020-11-09', 1443, 'pending', 0, '', 0),
(262, 2765, 5, 0, '2020-11-09', 2739, 'pending', 0, '', 0),
(263, 2751, 5, 0, '2020-11-07', 2738, 'pending', 0, '', 0),
(264, 2751, 5, 0, '2020-11-07', 2688, 'pending', 0, '', 0),
(265, 2751, 5, 0, '2020-11-07', 1456, 'pending', 0, '', 0),
(266, 2751, 5, 0, '2020-11-07', 2539, 'pending', 0, '', 0),
(267, 2751, 5, 0, '2020-11-07', 2601, 'pending', 0, '', 0),
(268, 2769, 1, 0, '2020-11-07', 2769, 'pending', 0, '', 0),
(269, 2769, 3, 0, '2020-11-07', 2769, 'pending', 0, '', 0),
(270, 1443, 5, 0, '2020-11-07', 2692, 'pending', 0, '', 0),
(271, 2771, 5, 0, '2020-11-07', 2739, 'pending', 0, '', 0),
(272, 2771, 5, 0, '2020-11-07', 1459, 'pending', 0, '', 0),
(273, 2771, 1, 0, '2020-11-07', 1459, 'pending', 0, '', 0),
(274, 2771, 3, 0, '2020-11-07', 1459, 'pending', 0, '', 0),
(275, 2771, 4, 0, '2020-11-07', 1459, 'pending', 0, '', 0),
(276, 2764, 4, 0, '2020-11-08', 2497, 'pending', 0, '', 0),
(277, 2532, 5, 0, '2020-11-08', 1456, 'pending', 0, '', 0),
(278, 2532, 5, 0, '2020-11-08', 2688, 'pending', 0, '', 0),
(279, 2777, 3, 0, '2020-11-08', 1418, 'pending', 0, '', 0),
(280, 2770, 5, 0, '2020-11-08', 2695, 'pending', 0, '', 0),
(281, 2767, 5, 0, '2020-11-08', 1424, 'pending', 0, '', 0),
(282, 1459, 5, 0, '2020-11-09', 1443, 'pending', 0, '', 0),
(283, 1459, 5, 0, '2020-11-09', 1456, 'pending', 0, '', 0),
(284, 1459, 3, 0, '2020-11-09', 1456, 'pending', 0, '', 0),
(285, 1443, 5, 0, '2020-11-09', 1460, 'pending', 0, '', 0),
(286, 2305, 5, 0, '2020-11-09', 2738, 'pending', 0, '', 0),
(287, 2496, 5, 0, '2020-11-09', 1476, 'pending', 0, '', 0),
(288, 2496, 1, 0, '2020-11-09', 2496, 'pending', 0, '', 0),
(289, 2770, 5, 0, '2020-11-10', 2623, 'pending', 0, '', 0),
(290, 2496, 5, 0, '2020-11-10', 1440, 'pending', 0, '', 0),
(291, 2723, 5, 0, '2020-11-10', 2382, 'pending', 0, '', 0),
(292, 2723, 5, 0, '2020-11-10', 1433, 'pending', 0, '', 0),
(293, 1443, 3, 0, '2020-11-11', 1459, 'pending', 0, '', 0),
(294, 2803, 5, 0, '2020-11-11', 2738, 'pending', 0, '', 0),
(295, 2803, 1, 0, '2020-11-11', 2738, 'pending', 0, '', 0),
(296, 2797, 5, 0, '2020-11-11', 1433, 'pending', 0, '', 0),
(297, 2804, 5, 0, '2020-11-11', 2723, 'pending', 0, '', 0),
(298, 2809, 5, 0, '2020-11-14', 1443, 'pending', 0, '', 0),
(299, 2809, 1, 0, '2020-11-11', 1443, 'pending', 0, '', 0),
(300, 2809, 3, 0, '2020-11-11', 1443, 'pending', 0, '', 0),
(301, 2809, 4, 0, '2020-11-11', 1443, 'pending', 0, '', 0),
(302, 2805, 5, 0, '2020-11-12', 2695, 'pending', 0, '', 0),
(303, 2787, 5, 0, '2020-11-11', 2723, 'pending', 0, '', 0),
(304, 2813, 5, 0, '2020-11-11', 1424, 'pending', 0, '', 0),
(305, 2706, 5, 0, '2020-11-12', 1448, 'pending', 0, '', 0),
(306, 2706, 5, 0, '2020-11-12', 1456, 'pending', 0, '', 0),
(307, 2770, 5, 0, '2020-11-12', 2316, 'pending', 0, '', 0),
(308, 2777, 5, 0, '2020-11-12', 1443, 'pending', 0, '', 0),
(309, 2777, 1, 0, '2020-11-12', 2797, 'pending', 0, '', 0),
(310, 2316, 5, 0, '2020-11-12', 2497, 'pending', 0, '', 0),
(311, 1431, 3, 0, '2020-11-12', 0, 'pending', 0, '', 3),
(312, 1415, 3, 0, '2020-11-12', 0, 'pending', 0, '', 1),
(313, 1415, 3, 0, '2020-11-12', 1411, 'pending', 0, '', 1),
(314, 1431, 8, 0, '2020-11-12', 1411, 'blocked', 0, '', 0),
(315, 1412, 5, 0, '2020-11-12', 1411, 'pending', 0, '', 0),
(316, 1412, 1, 0, '2020-11-12', 1411, 'pending', 0, '', 1),
(317, 1417, 1, 0, '2020-11-12', 1411, 'pending', 0, '', 1),
(318, 2723, 5, 0, '2020-11-12', 1427, 'pending', 0, '', 0),
(319, 2813, 5, 0, '2020-11-12', 2797, 'pending', 0, '', 0),
(320, 2815, 5, 0, '2020-11-13', 2797, 'pending', 0, '', 0),
(321, 2806, 5, 0, '2020-11-14', 2738, 'pending', 0, '', 0),
(322, 2706, 5, 0, '2020-11-14', 2723, 'pending', 0, '', 0),
(323, 2849, 5, 0, '2020-11-14', 1460, 'pending', 0, '', 0),
(324, 2830, 5, 0, '2020-12-05', 2738, 'pending', 0, '', 0),
(325, 2830, 5, 0, '2020-11-14', 1443, 'pending', 0, '', 0),
(326, 2840, 5, 0, '2020-11-15', 1448, 'pending', 0, '', 0),
(327, 2830, 5, 0, '2020-11-15', 1448, 'pending', 0, '', 0),
(328, 2851, 5, 0, '2020-11-15', 1471, 'pending', 0, '', 0),
(329, 2851, 5, 0, '2020-11-15', 1476, 'pending', 0, '', 0),
(330, 2851, 5, 0, '2020-11-15', 1418, 'pending', 0, '', 0),
(331, 2851, 5, 0, '2020-11-15', 1433, 'pending', 0, '', 0),
(332, 2860, 5, 0, '2020-11-16', 2797, 'pending', 0, '', 0),
(333, 2860, 5, 0, '2020-11-16', 2497, 'pending', 0, '', 0),
(334, 2860, 5, 0, '2020-11-16', 2695, 'pending', 0, '', 0),
(335, 2529, 5, 0, '2020-11-17', 2831, 'pending', 0, '', 0),
(336, 2529, 5, 0, '2020-11-17', 1448, 'pending', 0, '', 0),
(337, 2529, 5, 0, '2020-11-17', 2303, 'pending', 0, '', 0),
(338, 2316, 5, 0, '2020-11-17', 1462, 'pending', 0, '', 0),
(339, 2878, 5, 0, '2020-11-17', 2688, 'pending', 0, '', 0),
(340, 2878, 3, 0, '2020-11-17', 2688, 'pending', 0, '', 0),
(341, 2878, 4, 0, '2020-11-17', 2688, 'pending', 0, '', 0),
(342, 2878, 1, 0, '2020-11-17', 2688, 'pending', 0, '', 0),
(343, 2878, 5, 0, '2020-11-17', 2691, 'pending', 0, '', 0),
(344, 2879, 5, 0, '2020-11-17', 2606, 'pending', 0, '', 0),
(345, 2881, 5, 0, '2020-11-19', 2797, 'pending', 0, '', 0),
(346, 2881, 5, 0, '2020-11-19', 2497, 'pending', 0, '', 0),
(347, 2884, 5, 0, '2020-11-18', 2455, 'pending', 0, '', 0),
(348, 2884, 5, 0, '2020-11-18', 2878, 'pending', 0, '', 0),
(349, 2881, 5, 0, '2020-11-19', 2691, 'pending', 0, '', 0),
(350, 2875, 1, 0, '2020-11-19', 2875, 'pending', 0, '', 0),
(351, 2887, 5, 0, '2020-11-19', 1443, 'pending', 0, '', 0),
(352, 2887, 5, 0, '2020-11-19', 2738, 'pending', 0, '', 0),
(353, 1411, 3, 0, '2020-11-23', 0, 'pending', 0, 'xx', 0),
(354, 1411, 1, 0, '2020-11-23', 0, 'pending', 0, '', 0),
(355, 2933, 5, 0, '2020-11-24', 2607, 'pending', 0, '', 0),
(356, 2933, 5, 0, '2020-11-24', 0, 'pending', 0, '', 0),
(357, 2933, 5, 0, '2020-11-24', 2572, 'pending', 0, '', 0),
(358, 2933, 5, 0, '2020-11-24', 2623, 'pending', 0, '', 0),
(359, 2933, 5, 0, '2020-11-24', 1433, 'pending', 0, '', 0),
(360, 2933, 5, 0, '2020-11-24', 1455, 'pending', 0, '', 0),
(361, 2933, 5, 0, '2020-11-24', 1482, 'pending', 0, '', 0),
(362, 2933, 5, 0, '2020-11-23', 2314, 'pending', 0, '', 0),
(363, 2933, 5, 0, '2020-11-24', 2725, 'pending', 0, '', 0),
(364, 2933, 5, 0, '2020-11-24', 2529, 'pending', 0, '', 0),
(365, 2933, 5, 0, '2020-11-24', 2530, 'pending', 0, '', 0),
(366, 2933, 5, 0, '2020-11-24', 2840, 'pending', 0, '', 0),
(367, 2933, 5, 0, '2020-11-23', 2332, 'pending', 0, '', 0),
(368, 2933, 3, 0, '2020-11-24', 2572, 'pending', 0, '', 0),
(369, 2933, 5, 0, '2020-11-24', 1446, 'pending', 0, '', 0),
(370, 1414, 8, 0, '2020-11-24', 0, 'blocked', 0, '', 0),
(371, 2933, 5, 0, '2020-11-24', 1443, 'pending', 0, '', 0),
(372, 2933, 1, 0, '2020-11-24', 2572, 'pending', 0, '', 0),
(373, 2971, 5, 0, '2020-12-04', 2738, 'pending', 0, '', 0),
(374, 2972, 5, 0, '2020-11-30', 2971, 'pending', 0, '', 0),
(375, 2976, 1, 0, '2020-11-25', 1433, 'pending', 0, '', 0),
(376, 2976, 5, 0, '2020-11-25', 1433, 'pending', 0, '', 0),
(377, 2980, 5, 0, '2020-11-26', 2840, 'pending', 0, '', 0),
(378, 2980, 5, 0, '2020-11-26', 1427, 'pending', 0, '', 0),
(379, 2972, 5, 0, '2020-11-27', 2751, 'pending', 0, '', 0),
(380, 2848, 5, 0, '2020-11-27', 1440, 'pending', 0, '', 0),
(381, 2952, 5, 0, '2020-11-28', 2831, 'pending', 0, '', 0),
(382, 2738, 5, 0, '2020-11-28', 2887, 'pending', 0, '', 0),
(383, 2939, 5, 0, '2020-11-28', 1440, 'pending', 0, '', 0),
(384, 2974, 5, 0, '2020-11-29', 2949, 'pending', 0, '', 0),
(385, 2974, 5, 0, '2020-11-29', 2952, 'pending', 0, '', 0),
(386, 2974, 5, 0, '2020-11-29', 2989, 'pending', 0, '', 0),
(387, 2992, 5, 0, '2020-12-22', 2797, 'pending', 0, '', 0),
(388, 2995, 5, 0, '2020-11-30', 2797, 'pending', 0, '', 0),
(389, 2995, 4, 0, '2020-11-30', 2995, 'pending', 0, '', 0),
(390, 2995, 5, 0, '2020-11-30', 1440, 'pending', 0, '', 0),
(391, 2995, 1, 0, '2020-11-30', 1448, 'pending', 0, '', 0),
(392, 2995, 5, 0, '2020-11-30', 1477, 'pending', 0, '', 0),
(393, 2995, 5, 0, '2020-11-30', 2389, 'pending', 0, '', 0),
(394, 2995, 4, 0, '2020-11-30', 2803, 'pending', 0, '', 0),
(395, 2972, 5, 0, '2020-11-30', 1462, 'pending', 0, '', 0),
(396, 2972, 5, 0, '2020-11-30', 2403, 'pending', 0, '', 0),
(397, 2939, 5, 0, '2020-11-30', 1443, 'pending', 0, '', 0),
(398, 2939, 5, 0, '2020-11-30', 1456, 'pending', 0, '', 0),
(399, 2939, 5, 0, '2020-11-30', 2307, 'pending', 0, '', 0),
(400, 2939, 5, 0, '2020-11-30', 2303, 'pending', 0, '', 0),
(401, 2971, 5, 0, '2020-11-30', 2539, 'pending', 0, '', 0),
(402, 2971, 3, 0, '2020-11-30', 2539, 'pending', 0, '', 0),
(403, 2971, 1, 0, '2020-11-30', 2539, 'pending', 0, '', 0),
(404, 3001, 5, 0, '2020-11-30', 2738, 'pending', 0, '', 0),
(405, 3001, 1, 0, '2020-11-30', 2738, 'pending', 0, '', 0),
(406, 3001, 3, 0, '2020-11-30', 2738, 'pending', 0, '', 0),
(407, 3001, 4, 0, '2020-11-30', 2738, 'pending', 0, '', 0),
(408, 3002, 3, 0, '2020-11-30', 1477, 'pending', 0, '', 0),
(409, 3002, 1, 0, '2020-11-30', 2394, 'pending', 0, '', 0),
(410, 3012, 5, 0, '2020-12-01', 1448, 'pending', 0, '', 0),
(411, 3007, 5, 0, '2020-12-02', 1460, 'pending', 0, '', 0),
(412, 1443, 5, 0, '2020-12-02', 1471, 'pending', 0, '', 0),
(413, 3013, 5, 0, '2020-12-02', 2971, 'pending', 0, '', 0),
(414, 2994, 1, 0, '2020-12-03', 2994, 'pending', 0, '', 0),
(415, 2994, 4, 0, '2020-12-03', 2994, 'pending', 0, '', 0),
(416, 3013, 5, 0, '2020-12-03', 1418, 'pending', 0, '', 0),
(417, 3013, 5, 0, '2020-12-03', 2972, 'pending', 0, '', 0),
(418, 2974, 5, 0, '2020-12-03', 1427, 'pending', 0, '', 0),
(419, 3028, 5, 0, '2020-12-04', 3009, 'pending', 0, '', 0),
(420, 3028, 1, 0, '2020-12-03', 2933, 'pending', 0, '', 0),
(421, 3028, 5, 0, '2020-12-03', 2933, 'pending', 0, '', 0),
(422, 3018, 5, 0, '2020-12-03', 1427, 'pending', 0, '', 0),
(423, 3018, 5, 0, '2020-12-04', 2318, 'pending', 0, '', 0),
(424, 3018, 5, 0, '2020-12-04', 1433, 'pending', 0, '', 0),
(425, 3018, 5, 0, '2020-12-04', 2885, 'pending', 0, '', 0),
(426, 3018, 4, 0, '2020-12-04', 3028, 'pending', 0, '', 0),
(427, 3018, 5, 0, '2020-12-04', 3028, 'pending', 0, '', 0),
(428, 3013, 5, 0, '2020-12-04', 2404, 'pending', 0, '', 0),
(429, 3013, 5, 0, '2020-12-04', 2688, 'pending', 0, '', 0),
(430, 2830, 5, 0, '2020-12-05', 2689, 'pending', 0, '', 0),
(431, 2830, 5, 0, '2020-12-05', 2723, 'pending', 0, '', 0),
(432, 2830, 5, 0, '2020-12-05', 2497, 'pending', 0, '', 0),
(433, 2830, 5, 0, '2020-12-05', 2691, 'pending', 0, '', 0),
(434, 3032, 5, 0, '2020-12-06', 1433, 'pending', 0, '', 0),
(435, 3032, 5, 0, '2020-12-07', 3063, 'pending', 0, '', 0),
(436, 3075, 5, 0, '2020-12-07', 2601, 'pending', 0, '', 0),
(437, 3076, 5, 0, '2020-12-07', 1433, 'pending', 0, '', 0),
(438, 1447, 5, 0, '2020-12-08', 2768, 'pending', 0, '', 0),
(439, 3070, 3, 0, '2020-12-08', 3070, 'pending', 0, '', 0),
(440, 3070, 1, 0, '2020-12-08', 3070, 'pending', 0, '', 0),
(441, 2985, 5, 0, '2020-12-08', 2723, 'pending', 0, '', 0),
(442, 3075, 3, 0, '2020-12-09', 2601, 'pending', 0, '', 0),
(443, 3071, 5, 0, '2020-12-09', 2723, 'pending', 0, '', 0),
(444, 3033, 1, 0, '2020-12-09', 3033, 'pending', 0, '', 0),
(445, 1443, 5, 0, '2020-12-12', 3083, 'pending', 0, '', 0),
(446, 1443, 5, 0, '2020-12-12', 2499, 'pending', 0, '', 0),
(447, 3099, 5, 0, '2020-12-12', 2878, 'pending', 0, '', 0),
(448, 3095, 5, 0, '2020-12-13', 2695, 'pending', 0, '', 0),
(449, 1443, 5, 0, '2020-12-13', 3060, 'pending', 0, '', 0),
(450, 3121, 5, 0, '2020-12-15', 2691, 'pending', 0, '', 0),
(451, 3127, 5, 0, '2020-12-15', 1443, 'pending', 0, '', 0),
(452, 3127, 3, 0, '2020-12-15', 1443, 'pending', 0, '', 0),
(453, 3127, 1, 0, '2020-12-15', 1443, 'pending', 0, '', 0),
(454, 3127, 4, 0, '2020-12-15', 1443, 'pending', 0, '', 0),
(455, 3111, 5, 0, '2021-01-29', 2797, 'pending', 0, '', 0),
(456, 3111, 1, 0, '2020-12-16', 2797, 'pending', 0, '', 0),
(457, 3111, 4, 0, '2020-12-16', 2797, 'pending', 0, '', 0),
(458, 3111, 3, 0, '2020-12-16', 2797, 'pending', 0, '', 0),
(459, 3141, 5, 0, '2020-12-17', 2389, 'pending', 0, '', 0),
(460, 3143, 5, 0, '2020-12-17', 1456, 'pending', 0, '', 0),
(461, 3143, 5, 0, '2020-12-17', 1433, 'pending', 0, '', 0),
(462, 3143, 5, 0, '2020-12-21', 2539, 'pending', 0, '', 0),
(463, 3143, 5, 0, '2020-12-19', 2831, 'pending', 0, '', 0),
(464, 3143, 4, 0, '2020-12-17', 2831, 'pending', 0, '', 0),
(465, 3143, 4, 0, '2020-12-17', 2831, 'pending', 0, '', 0),
(466, 3143, 4, 0, '2020-12-17', 2831, 'pending', 0, '', 0),
(467, 3143, 4, 0, '2020-12-17', 2831, 'pending', 0, '', 0),
(468, 3143, 4, 0, '2020-12-17', 2831, 'pending', 0, '', 0),
(469, 3143, 5, 0, '2020-12-19', 1448, 'pending', 0, '', 0),
(470, 3143, 3, 0, '2020-12-17', 1448, 'pending', 0, '', 0),
(471, 3143, 1, 0, '2020-12-17', 1448, 'pending', 0, '', 0),
(472, 3074, 5, 0, '2020-12-20', 1427, 'pending', 0, '', 0),
(473, 3143, 5, 0, '2020-12-21', 1447, 'pending', 0, '', 0),
(474, 2992, 5, 0, '2020-12-22', 2466, 'pending', 0, '', 0),
(475, 3197, 5, 0, '2020-12-22', 1456, 'pending', 0, '', 0),
(476, 3197, 5, 0, '2020-12-22', 2379, 'pending', 0, '', 0),
(477, 3222, 5, 0, '2020-12-22', 2389, 'pending', 0, '', 0),
(478, 3197, 5, 0, '2020-12-22', 2601, 'pending', 0, '', 0),
(479, 3197, 5, 0, '2020-12-22', 2980, 'pending', 0, '', 0),
(480, 3197, 5, 0, '2020-12-22', 2688, 'pending', 0, '', 0),
(481, 3231, 5, 0, '2020-12-25', 1446, 'pending', 0, '', 0),
(482, 3237, 1, 0, '2020-12-26', 3237, 'pending', 0, '', 0),
(483, 3252, 5, 0, '2020-12-27', 2974, 'pending', 0, '', 0),
(484, 3252, 5, 0, '2020-12-27', 2885, 'pending', 0, '', 0),
(485, 3252, 5, 0, '2020-12-27', 2601, 'pending', 0, '', 0),
(486, 3252, 5, 0, '2020-12-27', 1456, 'pending', 0, '', 0),
(487, 3188, 1, 0, '2020-12-27', 3188, 'pending', 0, '', 0),
(488, 3188, 3, 0, '2020-12-27', 3188, 'pending', 0, '', 0),
(489, 3188, 5, 0, '2020-12-27', 1443, 'pending', 0, '', 0),
(490, 3188, 4, 0, '2020-12-27', 1443, 'pending', 0, '', 0),
(491, 3188, 5, 0, '2020-12-28', 2974, 'pending', 0, '', 0),
(492, 1459, 5, 0, '2020-12-28', 2303, 'pending', 0, '', 0),
(493, 3188, 5, 0, '2020-12-28', 3009, 'pending', 0, '', 0),
(494, 3188, 4, 0, '2020-12-28', 3188, 'pending', 0, '', 0),
(495, 3228, 5, 0, '2020-12-28', 1427, 'pending', 0, '', 0),
(496, 3228, 1, 0, '2020-12-28', 3228, 'pending', 0, '', 0),
(497, 3111, 5, 0, '2020-12-31', 3179, 'pending', 0, '', 0),
(498, 3241, 5, 0, '2020-12-29', 2723, 'pending', 0, '', 0),
(499, 3188, 5, 0, '2020-12-29', 1456, 'pending', 0, '', 0),
(500, 3277, 5, 0, '2020-12-29', 2723, 'pending', 0, '', 0),
(501, 3277, 1, 0, '2020-12-29', 2723, 'pending', 0, '', 0),
(502, 3277, 3, 0, '2020-12-29', 2723, 'pending', 0, '', 0),
(503, 1443, 5, 0, '2020-12-30', 2408, 'pending', 0, '', 0),
(504, 1447, 5, 0, '2020-12-30', 2408, 'pending', 0, '', 0),
(505, 1443, 5, 0, '2020-12-30', 2450, 'pending', 0, '', 0),
(506, 1447, 5, 0, '2020-12-30', 2450, 'pending', 0, '', 0),
(507, 1447, 5, 0, '2021-02-02', 1411, 'pending', 0, '', 0),
(508, 3111, 5, 0, '2020-12-30', 1448, 'pending', 0, '', 0),
(509, 3111, 5, 0, '2021-01-29', 1443, 'pending', 0, '', 0),
(510, 3111, 5, 0, '2021-01-05', 1447, 'pending', 0, '', 0),
(511, 3111, 5, 0, '2020-12-30', 2539, 'pending', 0, '', 0),
(512, 1443, 5, 0, '2021-02-02', 1411, 'pending', 0, '', 0),
(513, 1443, 5, 0, '2021-01-16', 1440, 'pending', 0, '', 0),
(514, 1480, 5, 0, '2020-12-31', 1443, 'pending', 0, '', 0),
(515, 1480, 5, 0, '2020-12-31', 1448, 'pending', 0, '', 0),
(516, 1480, 5, 0, '2020-12-31', 2316, 'pending', 0, '', 0),
(517, 1480, 5, 0, '2020-12-31', 2539, 'pending', 0, '', 0),
(518, 1480, 5, 0, '2020-12-31', 2303, 'pending', 0, '', 0),
(519, 1480, 5, 0, '2020-12-31', 1447, 'pending', 0, '', 0),
(520, 1443, 5, 0, '2020-12-31', 1427, 'pending', 0, '', 0),
(521, 1443, 5, 0, '2021-02-06', 1462, 'pending', 0, '', 0),
(522, 3283, 5, 0, '2021-01-02', 1456, 'pending', 0, '', 0),
(523, 3283, 5, 0, '2021-01-02', 2974, 'pending', 0, '', 0),
(524, 3296, 5, 0, '2021-01-03', 1446, 'pending', 0, '', 0),
(525, 2994, 5, 0, '2021-01-03', 2797, 'pending', 0, '', 0),
(526, 3298, 5, 0, '2021-01-04', 3009, 'pending', 0, '', 0),
(527, 3298, 3, 0, '2021-01-04', 3009, 'pending', 0, '', 0),
(528, 3298, 1, 0, '2021-01-04', 3009, 'pending', 0, '', 0),
(529, 3299, 5, 0, '2021-01-05', 3071, 'pending', 0, '', 0),
(530, 3299, 5, 0, '2021-01-18', 1411, 'pending', 0, '', 0),
(531, 3299, 5, 0, '2021-01-05', 2706, 'pending', 0, '', 0),
(532, 1443, 5, 0, '2021-01-05', 2830, 'pending', 0, '', 0),
(533, 1443, 5, 0, '2021-01-05', 2305, 'pending', 0, '', 0),
(534, 1443, 5, 0, '2021-02-02', 2767, 'pending', 0, '', 0),
(535, 3111, 5, 0, '2021-01-05', 2316, 'pending', 0, '', 0),
(536, 1414, 3, 0, '2021-01-05', 0, 'pending', 0, '', 0),
(537, 3305, 5, 0, '2021-01-05', 2885, 'pending', 0, '', 0),
(538, 3305, 4, 0, '2021-01-05', 3071, 'pending', 0, '', 0),
(539, 3305, 5, 0, '2021-01-05', 3071, 'pending', 0, '', 0),
(540, 1443, 5, 0, '2021-01-05', 2809, 'pending', 0, '', 0),
(541, 3299, 5, 0, '2021-01-05', 2577, 'pending', 0, '', 0),
(542, 3313, 5, 0, '2021-01-07', 3298, 'pending', 0, '', 0),
(543, 3166, 5, 0, '2021-01-09', 2738, 'pending', 0, '', 0),
(544, 3317, 5, 0, '2021-01-09', 1456, 'pending', 0, '', 0),
(545, 3330, 5, 0, '2021-01-13', 1477, 'pending', 0, '', 0),
(546, 1447, 5, 0, '2021-02-02', 2590, 'pending', 0, '', 0),
(547, 3337, 5, 0, '2021-01-13', 1443, 'pending', 0, '', 0),
(548, 1447, 3, 0, '2021-01-13', 1411, 'pending', 0, '', 0),
(549, 3330, 5, 0, '2021-01-13', 2394, 'pending', 0, '', 0),
(550, 3344, 5, 0, '2021-01-15', 3179, 'pending', 0, '', 0),
(551, 3346, 5, 0, '2021-01-16', 1424, 'pending', 0, '', 0),
(552, 3346, 1, 0, '2021-01-16', 1446, 'pending', 0, '', 0),
(553, 1443, 5, 0, '2021-01-16', 3350, 'pending', 0, '', 0),
(554, 1443, 5, 0, '2021-01-16', 2443, 'pending', 0, '', 0),
(555, 3299, 5, 0, '2021-01-18', 1418, 'pending', 0, '', 0),
(556, 3327, 5, 0, '2021-01-18', 2692, 'pending', 0, '', 0),
(557, 3327, 5, 0, '2021-01-18', 2797, 'pending', 0, '', 0),
(558, 3327, 5, 0, '2021-01-18', 1443, 'pending', 0, '', 0),
(559, 3327, 5, 0, '2021-01-18', 1440, 'pending', 0, '', 0),
(560, 3327, 5, 0, '2021-01-18', 2992, 'pending', 0, '', 0),
(561, 3327, 5, 0, '2021-01-18', 3121, 'pending', 0, '', 0),
(562, 3327, 5, 0, '2021-01-18', 1424, 'pending', 0, '', 0),
(563, 3327, 4, 0, '2021-01-18', 2692, 'pending', 0, '', 0),
(564, 3327, 5, 0, '2021-01-18', 2404, 'pending', 0, '', 0),
(565, 3327, 5, 0, '2021-01-18', 2466, 'pending', 0, '', 0),
(566, 3329, 5, 0, '2021-01-18', 3327, 'pending', 0, '', 0),
(567, 3327, 5, 0, '2021-01-18', 2860, 'pending', 0, '', 0),
(568, 2689, 5, 0, '2021-01-19', 3328, 'pending', 0, '', 0),
(569, 3335, 5, 0, '2021-01-19', 3179, 'pending', 0, '', 0),
(570, 3335, 5, 0, '2021-01-19', 1443, 'pending', 0, '', 0),
(571, 3341, 5, 0, '2021-01-19', 1456, 'pending', 0, '', 0),
(572, 3341, 1, 0, '2021-01-19', 2314, 'pending', 0, '', 0),
(573, 3344, 5, 0, '2021-01-19', 2723, 'pending', 0, '', 0),
(574, 3335, 5, 0, '2021-01-20', 1424, 'pending', 0, '', 0),
(575, 1447, 5, 0, '2021-01-20', 3344, 'pending', 0, '', 0),
(576, 1418, 5, 0, '2021-01-21', 2688, 'pending', 0, '', 0),
(577, 3349, 5, 0, '2021-01-21', 1424, 'pending', 0, '', 0),
(578, 3351, 5, 0, '2021-01-21', 1480, 'pending', 0, '', 0),
(579, 3352, 5, 0, '2021-01-21', 2692, 'pending', 0, '', 0),
(580, 3352, 5, 0, '2021-01-21', 1440, 'pending', 0, '', 0),
(581, 3352, 5, 0, '2021-01-21', 1424, 'pending', 0, '', 0),
(582, 3346, 5, 0, '2021-01-21', 2497, 'pending', 0, '', 0),
(583, 3354, 5, 0, '2021-01-21', 2404, 'pending', 0, '', 0),
(584, 3354, 5, 0, '2021-01-21', 1456, 'pending', 0, '', 0),
(585, 3354, 5, 0, '2021-01-21', 2531, 'pending', 0, '', 0),
(586, 3354, 3, 0, '2021-01-21', 2531, 'pending', 0, '', 0),
(587, 3354, 4, 0, '2021-01-21', 2531, 'pending', 0, '', 0),
(588, 3354, 5, 0, '2021-01-21', 1448, 'pending', 0, '', 0),
(589, 3349, 5, 0, '2021-01-22', 3002, 'pending', 0, '', 0),
(590, 3355, 5, 0, '2021-01-22', 1424, 'pending', 0, '', 0),
(591, 3356, 5, 0, '2021-01-22', 3355, 'pending', 0, '', 0),
(592, 3361, 5, 0, '2021-01-22', 2885, 'pending', 0, '', 0),
(593, 3365, 5, 0, '2021-01-23', 2692, 'pending', 0, '', 0),
(594, 3365, 5, 0, '2021-01-23', 3367, 'pending', 0, '', 0),
(595, 3368, 5, 0, '2021-01-23', 3365, 'pending', 0, '', 0),
(596, 3365, 5, 0, '2021-01-23', 3368, 'pending', 0, '', 0),
(597, 3365, 3, 0, '2021-01-23', 3368, 'pending', 0, '', 0),
(598, 3365, 4, 0, '2021-01-23', 3368, 'pending', 0, '', 0),
(599, 3365, 5, 0, '2021-01-23', 2576, 'pending', 0, '', 0),
(600, 3365, 5, 0, '2021-01-23', 1480, 'pending', 0, '', 0),
(601, 3368, 1, 0, '2021-01-23', 3365, 'accepted', 0, '', 0),
(602, 3368, 3, 0, '2021-01-23', 3365, 'pending', 0, '', 0),
(603, 3368, 4, 0, '2021-01-23', 3365, 'pending', 0, '', 0),
(604, 3368, 5, 0, '2021-01-23', 2497, 'pending', 0, '', 0),
(605, 3365, 5, 0, '2021-01-23', 2670, 'pending', 0, '', 0),
(606, 3365, 5, 0, '2021-01-23', 3104, 'pending', 0, '', 0),
(607, 3365, 5, 0, '2021-01-23', 1424, 'pending', 0, '', 0),
(608, 3365, 5, 0, '2021-01-23', 1411, 'pending', 0, '', 0),
(609, 3365, 5, 0, '2021-01-23', 1482, 'pending', 0, '', 0),
(610, 3365, 5, 0, '2021-01-23', 1471, 'pending', 0, '', 0),
(611, 3365, 5, 0, '2021-01-23', 1476, 'pending', 0, '', 0),
(612, 1447, 5, 0, '2021-01-29', 2871, 'pending', 0, '', 0),
(613, 1447, 5, 0, '2021-01-29', 1424, 'pending', 0, '', 0),
(614, 1447, 5, 0, '2021-01-29', 1440, 'pending', 0, '', 0),
(615, 1447, 5, 0, '2021-01-29', 2314, 'pending', 0, '', 0),
(616, 3111, 5, 0, '2021-01-29', 3365, 'pending', 0, '', 0),
(617, 1443, 5, 0, '2021-01-29', 1476, 'pending', 0, '', 0),
(618, 3390, 5, 0, '2021-01-30', 2738, 'pending', 0, '', 0),
(619, 3393, 5, 0, '2021-02-02', 1440, 'pending', 0, '', 0),
(620, 3393, 5, 0, '2021-02-02', 2466, 'pending', 0, '', 0),
(621, 1447, 5, 0, '2021-02-05', 1477, 'pending', 0, '', 0),
(622, 3413, 5, 0, '2021-02-08', 2739, 'pending', 0, '', 0),
(623, 3413, 3, 0, '2021-02-08', 2739, 'pending', 0, '', 0),
(624, 3413, 1, 0, '2021-02-08', 2739, 'pending', 0, '', 0),
(625, 1447, 5, 0, '2021-02-11', 3413, 'pending', 0, '', 0),
(626, 3436, 5, 0, '2021-02-18', 3111, 'pending', 0, '', 0),
(627, 3436, 5, 0, '2021-02-18', 1480, 'pending', 0, '', 0),
(628, 3450, 5, 0, '2021-02-19', 1448, 'pending', 0, '', 0),
(629, 3422, 5, 0, '2021-02-21', 3436, 'pending', 0, '', 0),
(630, 3444, 1, 0, '2021-02-23', 3444, 'pending', 0, '', 0),
(631, 3464, 5, 0, '2021-02-25', 3053, 'pending', 0, '', 0),
(632, 3464, 5, 0, '2021-02-25', 3299, 'pending', 0, '', 0),
(633, 3464, 4, 0, '2021-02-25', 3299, 'pending', 0, '', 0),
(634, 3464, 3, 0, '2021-02-25', 3299, 'pending', 0, '', 0),
(635, 3464, 1, 0, '2021-02-25', 3299, 'pending', 0, '', 0),
(636, 3464, 4, 0, '2021-02-25', 3299, 'pending', 0, '', 0),
(637, 3464, 4, 0, '2021-02-25', 3464, 'pending', 0, '', 0),
(831, 3513, 5, 0, '2021-03-12', 1411, 'pending', 0, '', 0),
(832, 3513, 7, 1, '2021-03-12', 1411, 'pending', 0, '', 0),
(833, 3513, 7, 1, '2021-03-12', 1418, 'pending', 0, '', 0),
(834, 3513, 7, 1, '2021-03-12', 1424, 'pending', 0, '', 0),
(835, 3513, 7, 1, '2021-03-12', 1427, 'pending', 0, '', 0),
(836, 3513, 1, 1, '2021-03-12', 1440, 'pending', 0, '', 0),
(837, 3513, 1, 1, '2021-03-12', 1435, 'pending', 0, '', 0),
(838, 3513, 1, 1, '2021-03-12', 1446, 'pending', 0, '', 0),
(839, 3513, 3, 1, '2021-03-12', 1411, 'pending', 0, '', 0),
(840, 3513, 4, 1, '2021-03-12', 1411, 'pending', 0, '', 0),
(841, 3513, 3, 1, '2021-03-12', 1411, 'pending', 0, '', 0),
(842, 3520, 4, 1, '2021-03-22', 3513, 'declined', 0, '', 0),
(843, 3513, 3, 1, '2021-04-03', 3520, 'blocked', 1, '', 0),
(844, 3513, 5, 0, '2021-03-12', 3520, 'pending', 0, '', 0),
(847, 3513, 7, 2, '2021-04-03', 3520, 'pending', 1, '', 0),
(848, 3520, 1, 2, '2021-03-13', 1443, 'pending', 0, '', 0),
(849, 3520, 1, 2, '2021-03-13', 1448, 'pending', 0, '', 0),
(850, 3520, 7, 2, '2021-03-13', 1456, 'pending', 0, '', 0),
(851, 3522, 5, 0, '2021-03-18', 3515, 'pending', 1, '', 0),
(852, 3520, 7, 1, '2021-03-18', 3513, 'pending', 0, '', 0),
(853, 3520, 7, 1, '2021-03-18', 3513, 'pending', 0, '', 0),
(855, 3520, 4, 1, '2021-03-18', 3513, 'pending', 0, '', 0),
(856, 3520, 7, 1, '2021-03-18', 3513, 'pending', 0, '', 0),
(857, 3513, 5, 0, '2021-04-03', 3520, 'pending', 1, '', 0),
(858, 3513, 3, 2, '2021-04-03', 3520, 'blocked', 1, '', 0),
(859, 3513, 7, 2, '2021-04-03', 3520, 'pending', 1, '', 0),
(860, 3520, 4, 2, '2021-03-22', 3513, 'declined', 0, '', 0),
(861, 3520, 5, 0, '2021-03-22', 3513, 'pending', 0, '', 0),
(862, 3520, 7, 1, '2021-03-18', 2497, 'pending', 0, '', 0),
(863, 3513, 3, 1, '2021-04-03', 3520, 'blocked', 1, '', 0),
(864, 3513, 7, 2, '2021-04-03', 3520, 'pending', 1, '', 0),
(865, 3520, 4, 1, '2021-03-20', 3513, 'pending', 0, '', 0),
(866, 3520, 5, 0, '2021-03-22', 2797, 'pending', 0, '', 0),
(867, 3520, 4, 1, '2021-03-22', 3513, 'pending', 0, '', 0),
(868, 3520, 4, 1, '2021-03-22', 3513, 'pending', 0, '', 0),
(869, 3513, 3, 1, '2021-04-03', 3520, 'blocked', 1, '', 0),
(870, 3513, 7, 2, '2021-03-23', 1411, 'pending', 1, '', 0),
(871, 3520, 5, 0, '2021-03-28', 1411, 'pending', 0, '', 0),
(872, 3520, 3, 1, '2021-03-28', 1411, 'pending', 0, '', 0),
(873, 3520, 4, 1, '2021-03-28', 1411, 'pending', 0, '', 0),
(874, 3520, 4, 1, '2021-03-28', 1418, 'pending', 0, '', 0),
(875, 3520, 4, 1, '2021-03-28', 1424, 'pending', 0, '', 0),
(876, 3520, 4, 1, '2021-03-28', 1427, 'pending', 0, '', 0),
(877, 3520, 3, 1, '2021-03-28', 1427, 'pending', 0, '', 0),
(878, 3520, 5, 0, '2021-03-29', 1411, 'pending', 0, '', 0),
(879, 3520, 3, 13, '2021-03-29', 1424, 'pending', 0, '', 0),
(880, 3520, 1, 2, '2021-03-29', 1411, 'pending', 0, '', 0),
(881, 3520, 1, 2, '2021-03-29', 1418, 'pending', 0, '', 0),
(882, 3520, 1, 2, '2021-03-29', 1424, 'pending', 0, '', 0),
(883, 3520, 1, 2, '2021-03-29', 1427, 'pending', 0, '', 0),
(884, 3520, 1, 2, '2021-03-29', 1440, 'pending', 0, '', 0),
(885, 3520, 1, 2, '2021-03-29', 1433, 'pending', 0, '', 0),
(886, 3520, 1, 2, '2021-03-29', 1446, 'pending', 0, '', 0),
(887, 3520, 1, 2, '2021-03-29', 1435, 'pending', 0, '', 0),
(888, 3520, 1, 2, '2021-03-29', 1448, 'pending', 0, '', 0),
(889, 3520, 1, 2, '2021-03-29', 1456, 'pending', 0, '', 0),
(890, 3520, 1, 2, '2021-03-29', 1462, 'pending', 0, '', 0),
(891, 3520, 1, 2, '2021-03-29', 1447, 'pending', 0, '', 0),
(892, 3520, 1, 2, '2021-03-29', 1476, 'pending', 0, '', 0),
(893, 3520, 1, 2, '2021-03-29', 1471, 'pending', 0, '', 0),
(894, 3520, 1, 2, '2021-03-29', 1443, 'pending', 0, '', 0),
(895, 3520, 3, 2, '2021-03-29', 1446, 'pending', 0, '', 0),
(896, 3520, 3, 2, '2021-03-29', 1411, 'pending', 0, '', 0),
(897, 3520, 3, 2, '2021-03-29', 1418, 'pending', 0, '', 0),
(898, 3520, 3, 2, '2021-03-29', 1424, 'pending', 0, '', 0),
(899, 3520, 3, 2, '2021-03-29', 1427, 'pending', 0, '', 0),
(900, 3520, 3, 2, '2021-03-29', 1433, 'pending', 0, '', 0),
(901, 3520, 3, 2, '2021-03-29', 1427, 'pending', 0, '', 0),
(902, 3520, 3, 2, '2021-03-29', 1433, 'pending', 0, '', 0),
(903, 3520, 3, 2, '2021-03-29', 1446, 'pending', 0, '', 0),
(904, 3520, 3, 2, '2021-03-29', 1433, 'pending', 0, '', 0),
(905, 3520, 3, 2, '2021-03-29', 1433, 'pending', 0, '', 0),
(906, 3520, 5, 0, '2021-03-29', 1480, 'pending', 0, '', 0),
(907, 3520, 5, 0, '2021-03-30', 2531, 'pending', 0, '', 0),
(908, 3520, 3, 1, '2021-03-30', 2531, 'pending', 0, '', 0),
(909, 3520, 1, 1, '2021-03-30', 2531, 'pending', 0, '', 0),
(910, 3520, 5, 0, '2021-04-02', 3513, 'pending', 0, '', 0),
(911, 3513, 3, 1, '2021-04-03', 3520, 'blocked', 1, '', 0),
(912, 3520, 1, 1, '2021-04-03', 1443, 'pending', 1, '', 0),
(913, 3520, 3, 1, '2021-04-03', 1443, 'pending', 1, '', 0),
(914, 3520, 4, 1, '2021-04-03', 1443, 'pending', 1, '', 0),
(915, 3520, 5, 0, '2021-04-03', 1443, 'pending', 1, '', 0),
(916, 3520, 5, 0, '2021-04-03', 3513, 'pending', 1, '', 0),
(917, 3520, 4, 1, '2021-04-03', 3513, 'pending', 1, '', 0),
(918, 3520, 7, 1, '2021-04-03', 3513, 'pending', 1, '', 0),
(919, 3513, 7, 2, '2021-04-03', 3520, 'pending', 1, '', 0),
(920, 3513, 3, 1, '2021-04-03', 3520, 'blocked', 1, '', 0),
(921, 3513, 5, 0, '2021-04-03', 3449, 'pending', 1, '', 0),
(922, 3513, 4, 2, '2021-04-03', 3520, 'pending', 1, '', 0);

-- --------------------------------------------------------

--
-- Table structure for table `advartaise`
--

CREATE TABLE `advartaise` (
  `id` int(11) NOT NULL,
  `title` varchar(100) NOT NULL,
  `page` varchar(30) NOT NULL,
  `img_name` varchar(100) NOT NULL,
  `link` varchar(100) NOT NULL
) ENGINE=InnoDB DEFAULT CHARSET=latin1;

--
-- Dumping data for table `advartaise`
--

INSERT INTO `advartaise` (`id`, `title`, `page`, `img_name`, `link`) VALUES
(1, '', '', '', ''),
(2, '', 'User home Right', '', ''),
(3, '', 'Filter page', '', ''),
(4, '', 'Messages Left', '', ''),
(5, '', 'Messages Right', '', ''),
(6, '', 'Request Left', '', ''),
(7, '', 'Request Right', '', ''),
(8, '', 'Quick search Left', '', ''),
(9, '', 'Quick search Right', '', ''),
(10, '', '', '', ''),
(11, '', 'Advanced Search Right', '', ''),
(12, '', 'Keyword search Left', '', ''),
(13, '', 'Keyword search Right', '', ''),
(14, '', 'Webid search Left', '', ''),
(15, '', 'Webid search Right', '', ''),
(16, '', 'Photo upload', '', ''),
(17, '', 'Profile edit Left', '', ''),
(18, '', 'Profile edit Right', '', ''),
(19, '', 'Profile view Left', '', ''),
(20, '', 'Profile view Right', '', '');

-- --------------------------------------------------------

--
-- Table structure for table `assets`
--

CREATE TABLE `assets` (
  `assets_id` int(2) NOT NULL,
  `assets` varchar(25) NOT NULL
) ENGINE=InnoDB DEFAULT CHARSET=utf8mb4;

--
-- Dumping data for table `assets`
--

INSERT INTO `assets` (`assets_id`, `assets`) VALUES
(1, 'car'),
(2, 'house'),
(3, 'bike'),
(4, 'other vehicles');

-- --------------------------------------------------------

--
-- Table structure for table `assignto`
--

CREATE TABLE `assignto` (
  `id` int(11) NOT NULL,
  `web_id` int(11) NOT NULL,
  `staff_id` int(11) NOT NULL,
  `date` date NOT NULL,
  `status` int(11) NOT NULL
) ENGINE=InnoDB DEFAULT CHARSET=utf8mb4;

-- --------------------------------------------------------

--
-- Table structure for table `blood_group`
--

CREATE TABLE `blood_group` (
  `bloodgroup_id` int(11) NOT NULL,
  `blood_group` varchar(20) NOT NULL
) ENGINE=InnoDB DEFAULT CHARSET=utf8mb4;

--
-- Dumping data for table `blood_group`
--

INSERT INTO `blood_group` (`bloodgroup_id`, `blood_group`) VALUES
(1, 'A+'),
(2, 'A-'),
(3, 'B+'),
(4, 'B-'),
(5, 'AB+'),
(6, 'AB-'),
(7, 'O+'),
(8, 'O-'),
(9, 'Not Specified');

-- --------------------------------------------------------

--
-- Table structure for table `body_type`
--

CREATE TABLE `body_type` (
  `body_type_id` int(1) NOT NULL,
  `body_type` varchar(20) NOT NULL
) ENGINE=InnoDB DEFAULT CHARSET=utf8mb4;

--
-- Dumping data for table `body_type`
--

INSERT INTO `body_type` (`body_type_id`, `body_type`) VALUES
(1, 'Fat'),
(2, 'Medium'),
(3, 'Thin');

-- --------------------------------------------------------

--
-- Table structure for table `cast`
--

CREATE TABLE `cast` (
  `cast_id` int(10) NOT NULL,
  `religion_id` int(10) NOT NULL,
  `cast` varchar(20) NOT NULL
) ENGINE=InnoDB DEFAULT CHARSET=utf8mb4;

--
-- Dumping data for table `cast`
--

INSERT INTO `cast` (`cast_id`, `religion_id`, `cast`) VALUES
(10, 3, 'islam'),
(11, 3, 'mappila'),
(12, 3, 'ahmedia'),
(13, 3, 'jamaath'),
(14, 4, 'inter-cast'),
(15, 5, 'no-cast'),
(16, 6, 'any'),
(20, 2, 'Anglo Indian'),
(21, 2, 'Born Again'),
(22, 2, 'Caldiyan Syrian'),
(23, 2, 'Cherumar'),
(24, 2, 'Christian - Nadar'),
(25, 2, 'CSI'),
(26, 2, 'Jacobite'),
(27, 2, 'Knanaya'),
(28, 2, 'Latin'),
(29, 2, 'Malankara'),
(30, 2, 'Marthoma'),
(31, 2, 'Orthodox'),
(32, 2, 'Pentecost'),
(33, 2, 'Protestant'),
(34, 2, 'Roman Catholic'),
(35, 2, 'Sambava  Christian'),
(36, 2, 'X-AN'),
(37, 2, 'Others'),
(38, 2, 'Unknown'),
(39, 1, 'Adiyan'),
(40, 1, 'Adiyodi'),
(41, 1, 'Aiyyer'),
(42, 1, 'Ambalavasi'),
(43, 1, 'Araya'),
(44, 1, 'Arunthathiyar'),
(45, 1, 'Arya Vysya'),
(46, 1, 'Ayyanavar'),
(47, 1, 'Bharathar'),
(48, 1, 'Bhattathiri'),
(49, 1, 'Blacksmith'),
(50, 1, 'Brahmin'),
(51, 1, 'Brahmin Tamil'),
(52, 1, 'Carpenter'),
(53, 1, 'Chakkala Nair'),
(54, 1, 'Chakliyan'),
(55, 1, 'Chavalakkaran'),
(56, 1, 'Cheramar'),
(57, 1, 'Cheruman'),
(58, 1, 'Chettiyar'),
(59, 1, 'Chetty'),
(60, 1, 'Chetty Tamil'),
(61, 1, 'Devender'),
(62, 1, 'Dheevara'),
(63, 1, 'Elayathu'),
(64, 1, 'Embranthiri'),
(65, 1, 'Ezhava'),
(66, 1, 'Ezhavathy'),
(67, 1, 'Ezhuthachan'),
(68, 1, 'Ganaka'),
(69, 1, 'Gauda Sar.Brahmins'),
(70, 1, 'Goldsmith'),
(71, 1, 'Gupthan'),
(72, 1, 'Gurukkal'),
(73, 1, 'Haveega Brahmins'),
(74, 1, 'Ilayath'),
(75, 1, 'Iyengar'),
(76, 1, 'Iyer'),
(77, 1, 'Jain'),
(78, 1, 'Kadaiyan'),
(79, 1, 'Kaimal'),
(80, 1, 'Kakkalan'),
(81, 1, 'Kalari Kuruppu'),
(82, 1, 'Kalari Panikkar'),
(83, 1, 'Kammalar'),
(84, 1, 'Kanakkan'),
(85, 1, 'Kani'),
(86, 1, 'Kanisan'),
(87, 1, 'Kaniyan'),
(88, 1, 'Kartha'),
(89, 1, 'Karuvan'),
(90, 1, 'Kavadia'),
(91, 1, 'Kavuthiyya'),
(92, 1, 'Kitaran'),
(93, 1, 'Koodan'),
(94, 1, 'Kshathriya'),
(95, 1, 'Kudumbi'),
(96, 1, 'Kulala'),
(97, 1, 'Kumbaran'),
(98, 1, 'Kunbi'),
(99, 1, 'Kurava'),
(100, 1, 'Kurmi'),
(101, 1, 'Kuruba'),
(102, 1, 'Kurukkal'),
(103, 1, 'Kuruppu'),
(104, 1, 'Kusava'),
(105, 1, 'Malayan'),
(106, 1, 'Malayarayan'),
(107, 1, 'Maniyani Nair'),
(108, 1, 'Mannadiyar'),
(109, 1, 'Mannan'),
(110, 1, 'Marar'),
(111, 1, 'Maruthuvar'),
(112, 1, 'Menon'),
(113, 1, 'Moger'),
(114, 1, 'Mooppanar'),
(115, 1, 'Moosath'),
(116, 1, 'Moothan'),
(117, 1, 'Mukaya'),
(118, 1, 'Mukkuva'),
(119, 1, 'Muthaliyar'),
(120, 1, 'Muthuvan'),
(121, 1, 'Nadar'),
(122, 1, 'Naiker'),
(123, 1, 'Nair'),
(124, 1, 'Nambeesan'),
(125, 1, 'Nambiar'),
(126, 1, 'Nambidi'),
(127, 1, 'Namboothiri'),
(128, 1, 'Odan'),
(129, 1, 'Oorali'),
(130, 1, 'Padanna'),
(131, 1, 'Panan'),
(132, 1, 'Pandithar'),
(133, 1, 'Panicker'),
(134, 1, 'Paravar'),
(135, 1, 'Paraya'),
(136, 1, 'Pathiyan'),
(137, 1, 'Pattarya'),
(138, 1, 'Perumannan'),
(139, 1, 'Peruvannan'),
(140, 1, 'Pillai'),
(141, 1, 'Pisharody'),
(142, 1, 'Poduval'),
(143, 1, 'Potti'),
(144, 1, 'Prajapathi'),
(145, 1, 'Pulaya'),
(146, 1, 'Pushpakaunni'),
(147, 1, 'Reddy'),
(148, 1, 'Saliya'),
(149, 1, 'Salva Pillai'),
(150, 1, 'Samantha'),
(151, 1, 'Sambava'),
(152, 1, 'Shetty'),
(153, 1, 'Sidhanar'),
(154, 1, 'TamilYadava'),
(155, 1, 'Telugu Brahmin'),
(156, 1, 'Thakur'),
(157, 1, 'Thandan'),
(158, 1, 'Tharakan'),
(159, 1, 'Thevar'),
(160, 1, 'Thiyya'),
(161, 1, 'Tulu Brahmin'),
(162, 1, 'Udayar'),
(163, 1, 'Ullala'),
(164, 1, 'Unnithan'),
(165, 1, 'Vaduka'),
(166, 1, 'Vaishnav'),
(167, 1, 'Vala'),
(168, 1, 'Valluvan'),
(169, 1, 'Vania'),
(170, 1, 'Vaniar'),
(171, 1, 'Vannan'),
(172, 1, 'Vanniyar'),
(173, 1, 'Varma'),
(174, 1, 'Vedan'),
(175, 1, 'Veerashaiva'),
(176, 1, 'Velan'),
(177, 1, 'Velar'),
(178, 1, 'Vellala Pillai'),
(179, 1, 'Vellalar'),
(180, 1, 'Vellama'),
(181, 1, 'Veluthedathu Nair'),
(182, 1, 'Venniar'),
(183, 1, 'Vettuva'),
(184, 1, 'Vilakkithala Nair'),
(185, 1, 'Vill Kurup'),
(186, 1, 'Viswabrahmin'),
(187, 1, 'Viswakarma'),
(188, 1, 'Viswakarma (c)'),
(189, 1, 'Vysya'),
(190, 1, 'Warrier'),
(191, 1, 'Yadava'),
(192, 1, 'Yogi Gurukkal'),
(193, 3, 'Sunni'),
(194, 3, 'Shia'),
(195, 1, 'pulluvan'),
(200, 6, 'Other'),
(201, 1, 'ghhjg');

-- --------------------------------------------------------

--
-- Table structure for table `company`
--

CREATE TABLE `company` (
  `company_id` int(4) NOT NULL,
  `company_name` varchar(50) NOT NULL,
  `started_at` date NOT NULL,
  `status` tinyint(1) NOT NULL,
  `contact_person` varchar(20) NOT NULL,
  `address` text NOT NULL,
  `contact_number` int(12) NOT NULL
) ENGINE=InnoDB DEFAULT CHARSET=utf8mb4;

--
-- Dumping data for table `company`
--

INSERT INTO `company` (`company_id`, `company_name`, `started_at`, `status`, `contact_person`, `address`, `contact_number`) VALUES
(1, 'Malayali Marriages(H.O)', '2020-08-27', 1, 'manu', 'kochi', 2147483647),
(2, 'Freelancer', '2020-08-27', 1, 'shifona', '  cvc vxc', 0),
(3, 'Test', '2020-08-27', 1, 'sneha', 'kakkanad', 7255),
(4, 'malayali', '2020-10-18', 1, 'neethu', 'sfdsdf', 57868768),
(5, 'wahy', '2020-10-19', 1, 'reshma', 'yffty', 543654654),
(6, 'wozti', '2020-11-12', 1, 'shifona', 'Kakkanad', 2147483647),
(7, 'ww', '2020-11-24', 1, 'reshma', 'Kakkanad', 0),
(8, 'Trivandrum', '2021-01-12', 1, 'james', 'trivandrum', 12345),
(9, 'sneha', '2021-01-26', 1, 'sneha', 'Pullanattu House', 2147483647);

-- --------------------------------------------------------

--
-- Table structure for table `complexion`
--

CREATE TABLE `complexion` (
  `complexion_id` int(1) NOT NULL,
  `complexion` varchar(20) NOT NULL
) ENGINE=InnoDB DEFAULT CHARSET=utf8mb4;

--
-- Dumping data for table `complexion`
--

INSERT INTO `complexion` (`complexion_id`, `complexion`) VALUES
(1, 'Dark'),
(2, 'Fair'),
(3, 'Medium'),
(4, 'Very fair'),
(5, 'Wheatish');

-- --------------------------------------------------------

--
-- Table structure for table `contact_time`
--

CREATE TABLE `contact_time` (
  `contact_time_id` int(2) NOT NULL,
  `contact_time` varchar(50) NOT NULL
) ENGINE=InnoDB DEFAULT CHARSET=utf8mb4;

--
-- Dumping data for table `contact_time`
--

INSERT INTO `contact_time` (`contact_time_id`, `contact_time`) VALUES
(1, '10AM-5PM'),
(2, '6AM-12PM'),
(3, '12PM-6PM'),
(4, 'ANY');

-- --------------------------------------------------------

--
-- Table structure for table `contact_type`
--

CREATE TABLE `contact_type` (
  `contact_type_id` int(1) NOT NULL,
  `contact_type` varchar(20) NOT NULL
) ENGINE=InnoDB DEFAULT CHARSET=utf8mb4;

--
-- Dumping data for table `contact_type`
--

INSERT INTO `contact_type` (`contact_type_id`, `contact_type`) VALUES
(1, 'via phone'),
(2, 'via email'),
(3, 'whatsapp');

-- --------------------------------------------------------

--
-- Table structure for table `country`
--

CREATE TABLE `country` (
  `id` int(11) NOT NULL,
  `iso` char(2) NOT NULL,
  `name` varchar(80) NOT NULL,
  `nicename` varchar(80) NOT NULL,
  `iso3` char(3) DEFAULT NULL,
  `numcode` smallint(6) DEFAULT NULL,
  `phonecode` int(5) NOT NULL
) ENGINE=MyISAM DEFAULT CHARSET=latin1;

--
-- Dumping data for table `country`
--

INSERT INTO `country` (`id`, `iso`, `name`, `nicename`, `iso3`, `numcode`, `phonecode`) VALUES
(1, 'IN', 'INDIA', 'India', 'IND', 4, 91),
(2, 'AL', 'ALBANIA', 'Albania', 'ALB', 8, 355),
(3, 'DZ', 'ALGERIA', 'Algeria', 'DZA', 12, 213),
(4, 'AS', 'AMERICAN SAMOA', 'American Samoa', 'ASM', 16, 1684),
(5, 'AD', 'ANDORRA', 'Andorra', 'AND', 20, 376),
(6, 'AO', 'ANGOLA', 'Angola', 'AGO', 24, 244),
(7, 'AI', 'ANGUILLA', 'Anguilla', 'AIA', 660, 1264),
(8, 'AQ', 'ANTARCTICA', 'Antarctica', NULL, NULL, 0),
(9, 'AG', 'ANTIGUA AND BARBUDA', 'Antigua and Barbuda', 'ATG', 28, 1268),
(10, 'AR', 'ARGENTINA', 'Argentina', 'ARG', 32, 54),
(11, 'AM', 'ARMENIA', 'Armenia', 'ARM', 51, 374),
(12, 'AW', 'ARUBA', 'Aruba', 'ABW', 533, 297),
(13, 'AU', 'AUSTRALIA', 'Australia', 'AUS', 36, 61),
(14, 'AT', 'AUSTRIA', 'Austria', 'AUT', 40, 43),
(15, 'AZ', 'AZERBAIJAN', 'Azerbaijan', 'AZE', 31, 994),
(16, 'BS', 'BAHAMAS', 'Bahamas', 'BHS', 44, 1242),
(17, 'BH', 'BAHRAIN', 'Bahrain', 'BHR', 48, 973),
(18, 'BD', 'BANGLADESH', 'Bangladesh', 'BGD', 50, 880),
(19, 'BB', 'BARBADOS', 'Barbados', 'BRB', 52, 1246),
(20, 'BY', 'BELARUS', 'Belarus', 'BLR', 112, 375),
(21, 'BE', 'BELGIUM', 'Belgium', 'BEL', 56, 32),
(22, 'BZ', 'BELIZE', 'Belize', 'BLZ', 84, 501),
(23, 'BJ', 'BENIN', 'Benin', 'BEN', 204, 229),
(24, 'BM', 'BERMUDA', 'Bermuda', 'BMU', 60, 1441),
(25, 'BT', 'BHUTAN', 'Bhutan', 'BTN', 64, 975),
(26, 'BO', 'BOLIVIA', 'Bolivia', 'BOL', 68, 591),
(27, 'BA', 'BOSNIA AND HERZEGOVINA', 'Bosnia and Herzegovina', 'BIH', 70, 387),
(28, 'BW', 'BOTSWANA', 'Botswana', 'BWA', 72, 267),
(29, 'BV', 'BOUVET ISLAND', 'Bouvet Island', NULL, NULL, 0),
(30, 'BR', 'BRAZIL', 'Brazil', 'BRA', 76, 55),
(31, 'IO', 'BRITISH INDIAN OCEAN TERRITORY', 'British Indian Ocean Territory', NULL, NULL, 246),
(32, 'BN', 'BRUNEI DARUSSALAM', 'Brunei Darussalam', 'BRN', 96, 673),
(33, 'BG', 'BULGARIA', 'Bulgaria', 'BGR', 100, 359),
(34, 'BF', 'BURKINA FASO', 'Burkina Faso', 'BFA', 854, 226),
(35, 'BI', 'BURUNDI', 'Burundi', 'BDI', 108, 257),
(36, 'KH', 'CAMBODIA', 'Cambodia', 'KHM', 116, 855),
(37, 'CM', 'CAMEROON', 'Cameroon', 'CMR', 120, 237),
(38, 'CA', 'CANADA', 'Canada', 'CAN', 124, 1),
(39, 'CV', 'CAPE VERDE', 'Cape Verde', 'CPV', 132, 238),
(40, 'KY', 'CAYMAN ISLANDS', 'Cayman Islands', 'CYM', 136, 1345),
(41, 'CF', 'CENTRAL AFRICAN REPUBLIC', 'Central African Republic', 'CAF', 140, 236),
(42, 'TD', 'CHAD', 'Chad', 'TCD', 148, 235),
(43, 'CL', 'CHILE', 'Chile', 'CHL', 152, 56),
(44, 'CN', 'CHINA', 'China', 'CHN', 156, 86),
(45, 'CX', 'CHRISTMAS ISLAND', 'Christmas Island', NULL, NULL, 61),
(46, 'CC', 'COCOS (KEELING) ISLANDS', 'Cocos (Keeling) Islands', NULL, NULL, 672),
(47, 'CO', 'COLOMBIA', 'Colombia', 'COL', 170, 57),
(48, 'KM', 'COMOROS', 'Comoros', 'COM', 174, 269),
(49, 'CG', 'CONGO', 'Congo', 'COG', 178, 242),
(50, 'CD', 'CONGO, THE DEMOCRATIC REPUBLIC OF THE', 'Congo, the Democratic Republic of the', 'COD', 180, 242),
(51, 'CK', 'COOK ISLANDS', 'Cook Islands', 'COK', 184, 682),
(52, 'CR', 'COSTA RICA', 'Costa Rica', 'CRI', 188, 506),
(53, 'CI', 'COTE D\'IVOIRE', 'Cote D\'Ivoire', 'CIV', 384, 225),
(54, 'HR', 'CROATIA', 'Croatia', 'HRV', 191, 385),
(55, 'CU', 'CUBA', 'Cuba', 'CUB', 192, 53),
(56, 'CY', 'CYPRUS', 'Cyprus', 'CYP', 196, 357),
(57, 'CZ', 'CZECH REPUBLIC', 'Czech Republic', 'CZE', 203, 420),
(58, 'DK', 'DENMARK', 'Denmark', 'DNK', 208, 45),
(59, 'DJ', 'DJIBOUTI', 'Djibouti', 'DJI', 262, 253),
(60, 'DM', 'DOMINICA', 'Dominica', 'DMA', 212, 1767),
(61, 'DO', 'DOMINICAN REPUBLIC', 'Dominican Republic', 'DOM', 214, 1809),
(62, 'EC', 'ECUADOR', 'Ecuador', 'ECU', 218, 593),
(63, 'EG', 'EGYPT', 'Egypt', 'EGY', 818, 20),
(64, 'SV', 'EL SALVADOR', 'El Salvador', 'SLV', 222, 503),
(65, 'GQ', 'EQUATORIAL GUINEA', 'Equatorial Guinea', 'GNQ', 226, 240),
(66, 'ER', 'ERITREA', 'Eritrea', 'ERI', 232, 291),
(67, 'EE', 'ESTONIA', 'Estonia', 'EST', 233, 372),
(68, 'ET', 'ETHIOPIA', 'Ethiopia', 'ETH', 231, 251),
(69, 'FK', 'FALKLAND ISLANDS (MALVINAS)', 'Falkland Islands (Malvinas)', 'FLK', 238, 500),
(70, 'FO', 'FAROE ISLANDS', 'Faroe Islands', 'FRO', 234, 298),
(71, 'FJ', 'FIJI', 'Fiji', 'FJI', 242, 679),
(72, 'FI', 'FINLAND', 'Finland', 'FIN', 246, 358),
(73, 'FR', 'FRANCE', 'France', 'FRA', 250, 33),
(74, 'GF', 'FRENCH GUIANA', 'French Guiana', 'GUF', 254, 594),
(75, 'PF', 'FRENCH POLYNESIA', 'French Polynesia', 'PYF', 258, 689),
(76, 'TF', 'FRENCH SOUTHERN TERRITORIES', 'French Southern Territories', NULL, NULL, 0),
(77, 'GA', 'GABON', 'Gabon', 'GAB', 266, 241),
(78, 'GM', 'GAMBIA', 'Gambia', 'GMB', 270, 220),
(79, 'GE', 'GEORGIA', 'Georgia', 'GEO', 268, 995),
(80, 'DE', 'GERMANY', 'Germany', 'DEU', 276, 49),
(81, 'GH', 'GHANA', 'Ghana', 'GHA', 288, 233),
(82, 'GI', 'GIBRALTAR', 'Gibraltar', 'GIB', 292, 350),
(83, 'GR', 'GREECE', 'Greece', 'GRC', 300, 30),
(84, 'GL', 'GREENLAND', 'Greenland', 'GRL', 304, 299),
(85, 'GD', 'GRENADA', 'Grenada', 'GRD', 308, 1473),
(86, 'GP', 'GUADELOUPE', 'Guadeloupe', 'GLP', 312, 590),
(87, 'GU', 'GUAM', 'Guam', 'GUM', 316, 1671),
(88, 'GT', 'GUATEMALA', 'Guatemala', 'GTM', 320, 502),
(89, 'GN', 'GUINEA', 'Guinea', 'GIN', 324, 224),
(90, 'GW', 'GUINEA-BISSAU', 'Guinea-Bissau', 'GNB', 624, 245),
(91, 'GY', 'GUYANA', 'Guyana', 'GUY', 328, 592),
(92, 'HT', 'HAITI', 'Haiti', 'HTI', 332, 509),
(93, 'HM', 'HEARD ISLAND AND MCDONALD ISLANDS', 'Heard Island and Mcdonald Islands', NULL, NULL, 0),
(94, 'VA', 'HOLY SEE (VATICAN CITY STATE)', 'Holy See (Vatican City State)', 'VAT', 336, 39),
(95, 'HN', 'HONDURAS', 'Honduras', 'HND', 340, 504),
(96, 'HK', 'HONG KONG', 'Hong Kong', 'HKG', 344, 852),
(97, 'HU', 'HUNGARY', 'Hungary', 'HUN', 348, 36),
(98, 'IS', 'ICELAND', 'Iceland', 'ISL', 352, 354),
(100, 'ID', 'INDONESIA', 'Indonesia', 'IDN', 360, 62),
(101, 'IR', 'IRAN, ISLAMIC REPUBLIC OF', 'Iran, Islamic Republic of', 'IRN', 364, 98),
(102, 'IQ', 'IRAQ', 'Iraq', 'IRQ', 368, 964),
(103, 'IE', 'IRELAND', 'Ireland', 'IRL', 372, 353),
(104, 'IL', 'ISRAEL', 'Israel', 'ISR', 376, 972),
(105, 'IT', 'ITALY', 'Italy', 'ITA', 380, 39),
(106, 'JM', 'JAMAICA', 'Jamaica', 'JAM', 388, 1876),
(107, 'JP', 'JAPAN', 'Japan', 'JPN', 392, 81),
(108, 'JO', 'JORDAN', 'Jordan', 'JOR', 400, 962),
(109, 'KZ', 'KAZAKHSTAN', 'Kazakhstan', 'KAZ', 398, 7),
(110, 'KE', 'KENYA', 'Kenya', 'KEN', 404, 254),
(111, 'KI', 'KIRIBATI', 'Kiribati', 'KIR', 296, 686),
(112, 'KP', 'KOREA, DEMOCRATIC PEOPLE\'S REPUBLIC OF', 'Korea, Democratic People\'s Republic of', 'PRK', 408, 850),
(113, 'KR', 'KOREA, REPUBLIC OF', 'Korea, Republic of', 'KOR', 410, 82),
(114, 'KW', 'KUWAIT', 'Kuwait', 'KWT', 414, 965),
(115, 'KG', 'KYRGYZSTAN', 'Kyrgyzstan', 'KGZ', 417, 996),
(116, 'LA', 'LAO PEOPLE\'S DEMOCRATIC REPUBLIC', 'Lao People\'s Democratic Republic', 'LAO', 418, 856),
(117, 'LV', 'LATVIA', 'Latvia', 'LVA', 428, 371),
(118, 'LB', 'LEBANON', 'Lebanon', 'LBN', 422, 961),
(119, 'LS', 'LESOTHO', 'Lesotho', 'LSO', 426, 266),
(120, 'LR', 'LIBERIA', 'Liberia', 'LBR', 430, 231),
(121, 'LY', 'LIBYAN ARAB JAMAHIRIYA', 'Libyan Arab Jamahiriya', 'LBY', 434, 218),
(122, 'LI', 'LIECHTENSTEIN', 'Liechtenstein', 'LIE', 438, 423),
(123, 'LT', 'LITHUANIA', 'Lithuania', 'LTU', 440, 370),
(124, 'LU', 'LUXEMBOURG', 'Luxembourg', 'LUX', 442, 352),
(125, 'MO', 'MACAO', 'Macao', 'MAC', 446, 853),
(126, 'MK', 'MACEDONIA, THE FORMER YUGOSLAV REPUBLIC OF', 'Macedonia, the Former Yugoslav Republic of', 'MKD', 807, 389),
(127, 'MG', 'MADAGASCAR', 'Madagascar', 'MDG', 450, 261),
(128, 'MW', 'MALAWI', 'Malawi', 'MWI', 454, 265),
(129, 'MY', 'MALAYSIA', 'Malaysia', 'MYS', 458, 60),
(130, 'MV', 'MALDIVES', 'Maldives', 'MDV', 462, 960),
(131, 'ML', 'MALI', 'Mali', 'MLI', 466, 223),
(132, 'MT', 'MALTA', 'Malta', 'MLT', 470, 356),
(133, 'MH', 'MARSHALL ISLANDS', 'Marshall Islands', 'MHL', 584, 692),
(134, 'MQ', 'MARTINIQUE', 'Martinique', 'MTQ', 474, 596),
(135, 'MR', 'MAURITANIA', 'Mauritania', 'MRT', 478, 222),
(136, 'MU', 'MAURITIUS', 'Mauritius', 'MUS', 480, 230),
(137, 'YT', 'MAYOTTE', 'Mayotte', NULL, NULL, 269),
(138, 'MX', 'MEXICO', 'Mexico', 'MEX', 484, 52),
(139, 'FM', 'MICRONESIA, FEDERATED STATES OF', 'Micronesia, Federated States of', 'FSM', 583, 691),
(140, 'MD', 'MOLDOVA, REPUBLIC OF', 'Moldova, Republic of', 'MDA', 498, 373),
(141, 'MC', 'MONACO', 'Monaco', 'MCO', 492, 377),
(142, 'MN', 'MONGOLIA', 'Mongolia', 'MNG', 496, 976),
(143, 'MS', 'MONTSERRAT', 'Montserrat', 'MSR', 500, 1664),
(144, 'MA', 'MOROCCO', 'Morocco', 'MAR', 504, 212),
(145, 'MZ', 'MOZAMBIQUE', 'Mozambique', 'MOZ', 508, 258),
(146, 'MM', 'MYANMAR', 'Myanmar', 'MMR', 104, 95),
(147, 'NA', 'NAMIBIA', 'Namibia', 'NAM', 516, 264),
(148, 'NR', 'NAURU', 'Nauru', 'NRU', 520, 674),
(149, 'NP', 'NEPAL', 'Nepal', 'NPL', 524, 977),
(150, 'NL', 'NETHERLANDS', 'Netherlands', 'NLD', 528, 31),
(151, 'AN', 'NETHERLANDS ANTILLES', 'Netherlands Antilles', 'ANT', 530, 599),
(152, 'NC', 'NEW CALEDONIA', 'New Caledonia', 'NCL', 540, 687),
(153, 'NZ', 'NEW ZEALAND', 'New Zealand', 'NZL', 554, 64),
(154, 'NI', 'NICARAGUA', 'Nicaragua', 'NIC', 558, 505),
(155, 'NE', 'NIGER', 'Niger', 'NER', 562, 227),
(156, 'NG', 'NIGERIA', 'Nigeria', 'NGA', 566, 234),
(157, 'NU', 'NIUE', 'Niue', 'NIU', 570, 683),
(158, 'NF', 'NORFOLK ISLAND', 'Norfolk Island', 'NFK', 574, 672),
(159, 'MP', 'NORTHERN MARIANA ISLANDS', 'Northern Mariana Islands', 'MNP', 580, 1670),
(160, 'NO', 'NORWAY', 'Norway', 'NOR', 578, 47),
(161, 'OM', 'OMAN', 'Oman', 'OMN', 512, 968),
(162, 'PK', 'PAKISTAN', 'Pakistan', 'PAK', 586, 92),
(163, 'PW', 'PALAU', 'Palau', 'PLW', 585, 680),
(164, 'PS', 'PALESTINIAN TERRITORY, OCCUPIED', 'Palestinian Territory, Occupied', NULL, NULL, 970),
(165, 'PA', 'PANAMA', 'Panama', 'PAN', 591, 507),
(166, 'PG', 'PAPUA NEW GUINEA', 'Papua New Guinea', 'PNG', 598, 675),
(167, 'PY', 'PARAGUAY', 'Paraguay', 'PRY', 600, 595),
(168, 'PE', 'PERU', 'Peru', 'PER', 604, 51),
(169, 'PH', 'PHILIPPINES', 'Philippines', 'PHL', 608, 63),
(170, 'PN', 'PITCAIRN', 'Pitcairn', 'PCN', 612, 0),
(171, 'PL', 'POLAND', 'Poland', 'POL', 616, 48),
(172, 'PT', 'PORTUGAL', 'Portugal', 'PRT', 620, 351),
(173, 'PR', 'PUERTO RICO', 'Puerto Rico', 'PRI', 630, 1787),
(174, 'QA', 'QATAR', 'Qatar', 'QAT', 634, 974),
(175, 'RE', 'REUNION', 'Reunion', 'REU', 638, 262),
(176, 'RO', 'ROMANIA', 'Romania', 'ROM', 642, 40),
(177, 'RU', 'RUSSIAN FEDERATION', 'Russian Federation', 'RUS', 643, 70),
(178, 'RW', 'RWANDA', 'Rwanda', 'RWA', 646, 250),
(179, 'SH', 'SAINT HELENA', 'Saint Helena', 'SHN', 654, 290),
(180, 'KN', 'SAINT KITTS AND NEVIS', 'Saint Kitts and Nevis', 'KNA', 659, 1869),
(181, 'LC', 'SAINT LUCIA', 'Saint Lucia', 'LCA', 662, 1758),
(182, 'PM', 'SAINT PIERRE AND MIQUELON', 'Saint Pierre and Miquelon', 'SPM', 666, 508),
(183, 'VC', 'SAINT VINCENT AND THE GRENADINES', 'Saint Vincent and the Grenadines', 'VCT', 670, 1784),
(184, 'WS', 'SAMOA', 'Samoa', 'WSM', 882, 684),
(185, 'SM', 'SAN MARINO', 'San Marino', 'SMR', 674, 378),
(186, 'ST', 'SAO TOME AND PRINCIPE', 'Sao Tome and Principe', 'STP', 678, 239),
(187, 'SA', 'SAUDI ARABIA', 'Saudi Arabia', 'SAU', 682, 966),
(188, 'SN', 'SENEGAL', 'Senegal', 'SEN', 686, 221),
(189, 'CS', 'SERBIA AND MONTENEGRO', 'Serbia and Montenegro', NULL, NULL, 381),
(190, 'SC', 'SEYCHELLES', 'Seychelles', 'SYC', 690, 248),
(191, 'SL', 'SIERRA LEONE', 'Sierra Leone', 'SLE', 694, 232),
(192, 'SG', 'SINGAPORE', 'Singapore', 'SGP', 702, 65),
(193, 'SK', 'SLOVAKIA', 'Slovakia', 'SVK', 703, 421),
(194, 'SI', 'SLOVENIA', 'Slovenia', 'SVN', 705, 386),
(195, 'SB', 'SOLOMON ISLANDS', 'Solomon Islands', 'SLB', 90, 677),
(196, 'SO', 'SOMALIA', 'Somalia', 'SOM', 706, 252),
(197, 'ZA', 'SOUTH AFRICA', 'South Africa', 'ZAF', 710, 27),
(198, 'GS', 'SOUTH GEORGIA AND THE SOUTH SANDWICH ISLANDS', 'South Georgia and the South Sandwich Islands', NULL, NULL, 0),
(199, 'ES', 'SPAIN', 'Spain', 'ESP', 724, 34),
(200, 'LK', 'SRI LANKA', 'Sri Lanka', 'LKA', 144, 94),
(201, 'SD', 'SUDAN', 'Sudan', 'SDN', 736, 249),
(202, 'SR', 'SURINAME', 'Suriname', 'SUR', 740, 597),
(203, 'SJ', 'SVALBARD AND JAN MAYEN', 'Svalbard and Jan Mayen', 'SJM', 744, 47),
(204, 'SZ', 'SWAZILAND', 'Swaziland', 'SWZ', 748, 268),
(205, 'SE', 'SWEDEN', 'Sweden', 'SWE', 752, 46),
(206, 'CH', 'SWITZERLAND', 'Switzerland', 'CHE', 756, 41),
(207, 'SY', 'SYRIAN ARAB REPUBLIC', 'Syrian Arab Republic', 'SYR', 760, 963),
(208, 'TW', 'TAIWAN, PROVINCE OF CHINA', 'Taiwan, Province of China', 'TWN', 158, 886),
(209, 'TJ', 'TAJIKISTAN', 'Tajikistan', 'TJK', 762, 992),
(210, 'TZ', 'TANZANIA, UNITED REPUBLIC OF', 'Tanzania, United Republic of', 'TZA', 834, 255),
(211, 'TH', 'THAILAND', 'Thailand', 'THA', 764, 66),
(212, 'TL', 'TIMOR-LESTE', 'Timor-Leste', NULL, NULL, 670),
(213, 'TG', 'TOGO', 'Togo', 'TGO', 768, 228),
(214, 'TK', 'TOKELAU', 'Tokelau', 'TKL', 772, 690),
(215, 'TO', 'TONGA', 'Tonga', 'TON', 776, 676),
(216, 'TT', 'TRINIDAD AND TOBAGO', 'Trinidad and Tobago', 'TTO', 780, 1868),
(217, 'TN', 'TUNISIA', 'Tunisia', 'TUN', 788, 216),
(218, 'TR', 'TURKEY', 'Turkey', 'TUR', 792, 90),
(219, 'TM', 'TURKMENISTAN', 'Turkmenistan', 'TKM', 795, 7370),
(220, 'TC', 'TURKS AND CAICOS ISLANDS', 'Turks and Caicos Islands', 'TCA', 796, 1649),
(221, 'TV', 'TUVALU', 'Tuvalu', 'TUV', 798, 688),
(222, 'UG', 'UGANDA', 'Uganda', 'UGA', 800, 256),
(223, 'UA', 'UKRAINE', 'Ukraine', 'UKR', 804, 380),
(224, 'AE', 'UNITED ARAB EMIRATES', 'United Arab Emirates', 'ARE', 784, 971),
(225, 'GB', 'UNITED KINGDOM', 'United Kingdom', 'GBR', 826, 44),
(226, 'US', 'UNITED STATES', 'United States', 'USA', 840, 1),
(227, 'UM', 'UNITED STATES MINOR OUTLYING ISLANDS', 'United States Minor Outlying Islands', NULL, NULL, 1),
(228, 'UY', 'URUGUAY', 'Uruguay', 'URY', 858, 598),
(229, 'UZ', 'UZBEKISTAN', 'Uzbekistan', 'UZB', 860, 998),
(230, 'VU', 'VANUATU', 'Vanuatu', 'VUT', 548, 678),
(231, 'VE', 'VENEZUELA', 'Venezuela', 'VEN', 862, 58),
(232, 'VN', 'VIET NAM', 'Viet Nam', 'VNM', 704, 84),
(233, 'VG', 'VIRGIN ISLANDS, BRITISH', 'Virgin Islands, British', 'VGB', 92, 1284),
(234, 'VI', 'VIRGIN ISLANDS, U.S.', 'Virgin Islands, U.s.', 'VIR', 850, 1340),
(235, 'WF', 'WALLIS AND FUTUNA', 'Wallis and Futuna', 'WLF', 876, 681),
(236, 'EH', 'WESTERN SAHARA', 'Western Sahara', 'ESH', 732, 212),
(237, 'YE', 'YEMEN', 'Yemen', 'YEM', 887, 967),
(238, 'ZM', 'ZAMBIA', 'Zambia', 'ZMB', 894, 260),
(239, 'ZW', 'ZIMBABWE', 'Zimbabwe', 'ZWE', 716, 263);

-- --------------------------------------------------------

--
-- Table structure for table `customer_package`
--

CREATE TABLE `customer_package` (
  `id` int(10) NOT NULL,
  `web_id` int(10) NOT NULL,
  `subscription_for` enum('package','facility','','') NOT NULL,
  `sub_id` int(10) NOT NULL,
  `Add_on1` int(10) NOT NULL,
  `Add_on2` int(10) NOT NULL,
  `Add_on3` int(10) NOT NULL,
  `date` date NOT NULL,
  `end_date` date NOT NULL,
  `subscription_type` varchar(50) NOT NULL,
  `discount` int(10) NOT NULL
) ENGINE=InnoDB DEFAULT CHARSET=utf8mb4;

--
-- Dumping data for table `customer_package`
--

INSERT INTO `customer_package` (`id`, `web_id`, `subscription_for`, `sub_id`, `Add_on1`, `Add_on2`, `Add_on3`, `date`, `end_date`, `subscription_type`, `discount`) VALUES
(1, 18, 'package', 13, 0, 0, 0, '2021-04-12', '0000-00-00', '', 0),
(2, 20, 'package', 13, 0, 0, 0, '2021-04-12', '0000-00-00', '', 0),
(3, 21, 'package', 13, 0, 0, 0, '2021-04-12', '0000-00-00', '', 0),
(4, 22, 'package', 13, 0, 0, 0, '2021-04-12', '0000-00-00', '', 0),
(5, 23, 'package', 13, 0, 0, 0, '2021-04-12', '0000-00-00', '', 0),
(6, 24, 'package', 13, 0, 0, 0, '2021-04-12', '0000-00-00', '', 0),
(7, 25, 'package', 13, 0, 0, 0, '2021-04-12', '0000-00-00', '', 0),
(8, 26, 'package', 13, 0, 0, 0, '2021-04-12', '0000-00-00', '', 0),
(9, 27, 'package', 13, 0, 0, 0, '2021-04-12', '0000-00-00', '', 0),
(10, 28, 'package', 13, 0, 0, 0, '2021-04-12', '0000-00-00', '', 0),
(11, 29, 'package', 13, 0, 0, 0, '2021-04-12', '0000-00-00', '', 0),
(12, 30, 'package', 13, 0, 0, 0, '2021-04-12', '0000-00-00', '', 0),
(13, 31, 'package', 13, 0, 0, 0, '2021-04-12', '0000-00-00', '', 0),
(14, 32, 'package', 13, 0, 0, 0, '2021-04-12', '0000-00-00', '', 0),
(15, 33, 'package', 13, 0, 0, 0, '2021-04-12', '0000-00-00', '', 0),
(16, 34, 'package', 13, 0, 0, 0, '2021-04-12', '0000-00-00', '', 0),
(17, 35, 'package', 13, 0, 0, 0, '2021-04-12', '0000-00-00', '', 0),
(18, 36, 'package', 13, 0, 0, 0, '2021-04-12', '0000-00-00', '', 0),
(19, 37, 'package', 13, 0, 0, 0, '2021-04-12', '0000-00-00', '', 0),
(20, 38, 'package', 13, 0, 0, 0, '2021-04-12', '0000-00-00', '', 0),
(21, 43, 'package', 13, 0, 0, 0, '2021-04-12', '0000-00-00', '', 0),
(22, 45, 'package', 13, 0, 0, 0, '2021-04-12', '0000-00-00', '', 0),
(23, 46, 'package', 13, 0, 0, 0, '2021-04-12', '0000-00-00', '', 0),
(24, 47, 'package', 13, 0, 0, 0, '2021-04-12', '0000-00-00', '', 0),
(25, 48, 'package', 13, 0, 0, 0, '2021-04-12', '0000-00-00', '', 0),
(26, 49, 'package', 13, 0, 0, 0, '2021-04-12', '0000-00-00', '', 0),
(27, 50, 'package', 13, 0, 0, 0, '2021-04-12', '0000-00-00', '', 0),
(28, 51, 'package', 13, 0, 0, 0, '2021-04-12', '0000-00-00', '', 0),
(29, 53, 'package', 13, 0, 0, 0, '2021-04-12', '0000-00-00', '', 0),
(30, 54, 'package', 13, 0, 0, 0, '2021-04-12', '0000-00-00', '', 0),
(31, 55, 'package', 13, 0, 0, 0, '2021-04-12', '0000-00-00', '', 0),
(32, 56, 'package', 13, 0, 0, 0, '2021-04-12', '0000-00-00', '', 0),
(33, 57, 'package', 13, 0, 0, 0, '2021-04-12', '0000-00-00', '', 0),
(34, 58, 'package', 13, 0, 0, 0, '2021-04-12', '0000-00-00', '', 0),
(35, 60, 'package', 13, 0, 0, 0, '2021-04-21', '0000-00-00', '', 0),
(36, 10014, 'package', 13, 0, 0, 0, '2021-04-23', '0000-00-00', '', 0),
(37, 10015, 'package', 13, 0, 0, 0, '2021-04-23', '0000-00-00', '', 0),
(38, 10016, 'package', 13, 0, 0, 0, '2021-04-23', '0000-00-00', '', 0),
(39, 10017, 'package', 13, 0, 0, 0, '2021-04-23', '0000-00-00', '', 0),
(40, 10018, 'package', 13, 0, 0, 0, '2021-04-23', '0000-00-00', '', 0),
(41, 10019, 'package', 13, 0, 0, 0, '2021-04-23', '0000-00-00', '', 0),
(42, 61, 'package', 13, 0, 0, 0, '2021-04-23', '0000-00-00', '', 0),
(43, 62, 'package', 13, 0, 0, 0, '2021-05-07', '0000-00-00', '', 0),
(44, 65, 'package', 13, 0, 0, 0, '2021-05-07', '0000-00-00', '', 0),
(45, 66, 'package', 13, 0, 0, 0, '2021-05-07', '0000-00-00', '', 0),
(46, 10020, 'package', 13, 0, 0, 0, '2021-05-08', '0000-00-00', '', 0),
(47, 10021, 'package', 13, 0, 0, 0, '2021-05-08', '0000-00-00', '', 0),
(48, 10022, 'package', 13, 0, 0, 0, '2021-05-08', '0000-00-00', '', 0),
(49, 67, 'package', 13, 0, 0, 0, '2021-05-21', '0000-00-00', '', 0),
(50, 68, 'package', 13, 0, 0, 0, '2021-05-24', '0000-00-00', '', 0),
(51, 69, 'package', 13, 0, 0, 0, '2021-05-24', '0000-00-00', '', 0),
(52, 70, 'package', 13, 0, 0, 0, '2021-05-26', '0000-00-00', '', 0),
(53, 1001, 'package', 13, 0, 0, 0, '2021-05-26', '0000-00-00', '', 0),
(54, 1003, 'package', 13, 0, 0, 0, '2021-05-27', '0000-00-00', '', 0),
(55, 1013, 'package', 13, 0, 0, 0, '2021-06-04', '0000-00-00', '', 0),
(56, 1014, 'package', 13, 0, 0, 0, '2021-06-04', '0000-00-00', '', 0),
(57, 1015, 'package', 13, 0, 0, 0, '2021-06-04', '0000-00-00', '', 0),
(58, 1016, 'package', 13, 0, 0, 0, '2021-06-04', '0000-00-00', '', 0),
(59, 1017, 'package', 13, 0, 0, 0, '2021-06-12', '0000-00-00', '', 0),
(60, 1018, 'package', 13, 0, 0, 0, '2021-06-12', '0000-00-00', '', 0),
(61, 1019, 'package', 13, 0, 0, 0, '2021-06-12', '0000-00-00', '', 0);

-- --------------------------------------------------------

--
-- Table structure for table `designation`
--

CREATE TABLE `designation` (
  `desig_id` int(11) NOT NULL,
  `designation` varchar(100) NOT NULL,
  `date` date NOT NULL
) ENGINE=InnoDB DEFAULT CHARSET=latin1;

--
-- Dumping data for table `designation`
--

INSERT INTO `designation` (`desig_id`, `designation`, `date`) VALUES
(1, 'abcd', '2021-01-04'),
(2, 'marketing', '2021-01-05'),
(3, 'test', '2021-01-07'),
(4, 'manager', '2021-01-07'),
(5, 'team lead', '2021-01-07'),
(6, 'Super admin', '2021-01-12'),
(7, 'test1', '2021-01-25');

-- --------------------------------------------------------

--
-- Table structure for table `diet`
--

CREATE TABLE `diet` (
  `diet_id` int(1) NOT NULL,
  `diet` varchar(10) NOT NULL
) ENGINE=InnoDB DEFAULT CHARSET=utf8mb4;

--
-- Dumping data for table `diet`
--

INSERT INTO `diet` (`diet_id`, `diet`) VALUES
(1, 'veg'),
(2, 'non-veg'),
(3, 'eggetarian');

-- --------------------------------------------------------

--
-- Table structure for table `districts`
--

CREATE TABLE `districts` (
  `id` int(8) NOT NULL DEFAULT 0,
  `state_id` int(8) DEFAULT NULL,
  `district` varchar(100) DEFAULT NULL
) ENGINE=InnoDB DEFAULT CHARSET=utf8;

--
-- Dumping data for table `districts`
--

INSERT INTO `districts` (`id`, `state_id`, `district`) VALUES
(1, 1, 'North Andaman'),
(2, 1, 'South Andaman'),
(3, 1, 'Nicobar'),
(4, 2, 'Adilabad'),
(5, 2, 'Anantapur'),
(6, 2, 'Chittoor'),
(7, 2, 'East Godavari'),
(8, 2, 'Guntur'),
(9, 2, 'Hyderabad'),
(10, 2, 'Karimnagar'),
(11, 2, 'Khammam'),
(12, 2, 'Krishna'),
(13, 2, 'Kurnool'),
(14, 2, 'Mahbubnagar'),
(15, 2, 'Medak'),
(16, 2, 'Nalgonda'),
(17, 2, 'Nizamabad'),
(18, 2, 'Prakasam'),
(19, 2, 'Ranga Reddy'),
(20, 2, 'Srikakulam'),
(21, 2, 'Sri Potti Sri Ramulu Nellore'),
(22, 2, 'Vishakhapatnam'),
(23, 2, 'Vizianagaram'),
(24, 2, 'Warangal'),
(25, 2, 'West Godavari'),
(26, 2, 'Cudappah'),
(27, 3, 'Anjaw'),
(28, 3, 'Changlang'),
(29, 3, 'East Siang'),
(30, 3, 'East Kameng'),
(31, 3, 'Kurung Kumey'),
(32, 3, 'Lohit'),
(33, 3, 'Lower Dibang Valley'),
(34, 3, 'Lower Subansiri'),
(35, 3, 'Papum Pare'),
(36, 3, 'Tawang'),
(37, 3, 'Tirap'),
(38, 3, 'Dibang Valley'),
(39, 3, 'Upper Siang'),
(40, 3, 'Upper Subansiri'),
(41, 3, 'West Kameng'),
(42, 3, 'West Siang'),
(43, 4, 'Baksa'),
(44, 4, 'Barpeta'),
(45, 4, 'Bongaigaon'),
(46, 4, 'Cachar'),
(47, 4, 'Chirang'),
(48, 4, 'Darrang'),
(49, 4, 'Dhemaji'),
(50, 4, 'Dima Hasao'),
(51, 4, 'Dhubri'),
(52, 4, 'Dibrugarh'),
(53, 4, 'Goalpara'),
(54, 4, 'Golaghat'),
(55, 4, 'Hailakandi'),
(56, 4, 'Jorhat'),
(57, 4, 'Kamrup'),
(58, 4, 'Kamrup Metropolitan'),
(59, 4, 'Karbi Anglong'),
(60, 4, 'Karimganj'),
(61, 4, 'Kokrajhar'),
(62, 4, 'Lakhimpur'),
(63, 4, 'Morigaon'),
(64, 4, 'Nagaon'),
(65, 4, 'Nalbari'),
(66, 4, 'Sivasagar'),
(67, 4, 'Sonitpur'),
(68, 4, 'Tinsukia'),
(69, 4, 'Udalguri'),
(70, 5, 'Araria'),
(71, 5, 'Arwal'),
(72, 5, 'Aurangabad'),
(73, 5, 'Banka'),
(74, 5, 'Begusarai'),
(75, 5, 'Bhagalpur'),
(76, 5, 'Bhojpur'),
(77, 5, 'Buxar'),
(78, 5, 'Darbhanga'),
(79, 5, 'East Champaran'),
(80, 5, 'Gaya'),
(81, 5, 'Gopalganj'),
(82, 5, 'Jamui'),
(83, 5, 'Jehanabad'),
(84, 5, 'Kaimur'),
(85, 5, 'Katihar'),
(86, 5, 'Khagaria'),
(87, 5, 'Kishanganj'),
(88, 5, 'Lakhisarai'),
(89, 5, 'Madhepura'),
(90, 5, 'Madhubani'),
(91, 5, 'Munger'),
(92, 5, 'Muzaffarpur'),
(93, 5, 'Nalanda'),
(94, 5, 'Nawada'),
(95, 5, 'Patna'),
(96, 5, 'Purnia'),
(97, 5, 'Rohtas'),
(98, 5, 'Saharsa'),
(99, 5, 'Samastipur'),
(100, 5, 'Saran'),
(101, 5, 'Sheikhpura'),
(102, 5, 'Sheohar'),
(103, 5, 'Sitamarhi'),
(104, 5, 'Siwan'),
(105, 5, 'Supaul'),
(106, 6, 'Chandigarh'),
(107, 7, 'Bastar'),
(108, 7, 'Bijapur'),
(109, 7, 'Bilaspur'),
(110, 7, 'Dantewada'),
(111, 7, 'Dhamtari'),
(112, 7, 'Durg'),
(113, 7, 'Jashpur'),
(114, 7, 'Janjgir-Champa'),
(115, 7, 'Korba'),
(116, 7, 'Koriya'),
(117, 7, 'Kanker'),
(118, 7, 'Kabirdham (formerly Kawardha)'),
(119, 7, 'Mahasamund'),
(120, 7, 'Narayanpur'),
(121, 7, 'Raigarh'),
(122, 7, 'Rajnandgaon'),
(123, 7, 'Raipur'),
(124, 7, 'Surguja'),
(125, 8, 'Dadra and Nagar Haveli'),
(126, 9, 'Daman'),
(127, 9, 'Diu'),
(128, 10, 'Central Delhi'),
(129, 10, 'East Delhi'),
(130, 10, 'New Delhi'),
(131, 10, 'North Delhi'),
(132, 10, 'North East Delhi'),
(133, 10, 'North West Delhi'),
(134, 10, 'South Delhi'),
(135, 10, 'South West Delhi'),
(136, 10, 'West Delhi'),
(137, 11, 'North Goa'),
(138, 11, 'South Goa'),
(139, 12, 'Ahmedabad'),
(140, 12, 'Amreli district'),
(141, 12, 'Anand'),
(142, 12, 'Banaskantha'),
(143, 12, 'Bharuch'),
(144, 12, 'Bhavnagar'),
(145, 12, 'Dahod'),
(146, 12, 'The Dangs'),
(147, 12, 'Gandhinagar'),
(148, 12, 'Jamnagar'),
(149, 12, 'Junagadh'),
(150, 12, 'Kutch'),
(151, 12, 'Kheda'),
(152, 12, 'Mehsana'),
(153, 12, 'Narmada'),
(154, 12, 'Navsari'),
(155, 12, 'Patan'),
(156, 12, 'Panchmahal'),
(157, 12, 'Porbandar'),
(158, 12, 'Rajkot'),
(159, 12, 'Sabarkantha'),
(160, 12, 'Surendranagar'),
(161, 12, 'Surat'),
(162, 12, 'Tapi'),
(163, 12, 'Vadodara'),
(164, 12, 'Valsad'),
(165, 13, 'Ambala'),
(166, 13, 'Bhiwani'),
(167, 13, 'Faridabad'),
(168, 13, 'Fatehabad'),
(169, 13, 'Gurgaon'),
(170, 13, 'Hissar'),
(171, 13, 'Jhajjar'),
(172, 13, 'Jind'),
(173, 13, 'Karnal'),
(174, 13, 'Kaithal'),
(175, 13, 'Kurukshetra'),
(176, 13, 'Mahendragarh'),
(177, 13, 'Mewat'),
(178, 13, 'Palwal'),
(179, 13, 'Panchkula'),
(180, 13, 'Panipat'),
(181, 13, 'Rewari'),
(182, 13, 'Rohtak'),
(183, 13, 'Sirsa'),
(184, 13, 'Sonipat'),
(185, 13, 'Yamuna Nagar'),
(186, 14, 'Bilaspur'),
(187, 14, 'Chamba'),
(188, 14, 'Hamirpur'),
(189, 14, 'Kangra'),
(190, 14, 'Kinnaur'),
(191, 14, 'Kullu'),
(192, 14, 'Lahaul and Spiti'),
(193, 14, 'Mandi'),
(194, 14, 'Shimla'),
(195, 14, 'Sirmaur'),
(196, 14, 'Solan'),
(197, 14, 'Una'),
(198, 15, 'Anantnag'),
(199, 15, 'Badgam'),
(200, 15, 'Bandipora'),
(201, 15, 'Baramulla'),
(202, 15, 'Doda'),
(203, 15, 'Ganderbal'),
(204, 15, 'Jammu'),
(205, 15, 'Kargil'),
(206, 15, 'Kathua'),
(207, 15, 'Kishtwar'),
(208, 15, 'Kupwara'),
(209, 15, 'Kulgam'),
(210, 15, 'Leh'),
(211, 15, 'Poonch'),
(212, 15, 'Pulwama'),
(213, 15, 'Rajouri'),
(214, 15, 'Ramban'),
(215, 15, 'Reasi'),
(216, 15, 'Samba'),
(217, 15, 'Shopian'),
(218, 15, 'Srinagar'),
(219, 15, 'Udhampur'),
(220, 16, 'Bokaro'),
(221, 16, 'Chatra'),
(222, 16, 'Deoghar'),
(223, 16, 'Dhanbad'),
(224, 16, 'Dumka'),
(225, 16, 'East Singhbhum'),
(226, 16, 'Garhwa'),
(227, 16, 'Giridih'),
(228, 16, 'Godda'),
(229, 16, 'Gumla'),
(230, 16, 'Hazaribag'),
(231, 16, 'Jamtara'),
(232, 16, 'Khunti'),
(233, 16, 'Koderma'),
(234, 16, 'Latehar'),
(235, 16, 'Lohardaga'),
(236, 16, 'Pakur'),
(237, 16, 'Palamu'),
(238, 16, 'Ramgarh'),
(239, 16, 'Ranchi'),
(240, 16, 'Sahibganj'),
(241, 16, 'Seraikela Kharsawan'),
(242, 16, 'Simdega'),
(243, 16, 'West Singhbhum'),
(244, 17, 'Bagalkot'),
(245, 17, 'Bangalore Rural'),
(246, 17, 'Bangalore Urban'),
(247, 17, 'Belgaum'),
(248, 17, 'Bellary'),
(249, 17, 'Bidar'),
(250, 17, 'Bijapur'),
(251, 17, 'Chamarajnagar'),
(252, 17, 'Chikkamagaluru'),
(253, 17, 'Chikkaballapur'),
(254, 17, 'Chitradurga'),
(255, 17, 'Davanagere'),
(256, 17, 'Dharwad'),
(257, 17, 'Dakshina Kannada'),
(258, 17, 'Gadag'),
(259, 17, 'Gulbarga'),
(260, 17, 'Hassan'),
(261, 17, 'Haveri district'),
(262, 17, 'Kodagu'),
(263, 17, 'Kolar'),
(264, 17, 'Koppal'),
(265, 17, 'Mandya'),
(266, 17, 'Mysore'),
(267, 17, 'Raichur'),
(268, 17, 'Shimoga'),
(269, 17, 'Tumkur'),
(270, 17, 'Udupi'),
(271, 17, 'Uttara Kannada'),
(272, 17, 'Ramanagara'),
(273, 17, 'Yadgir'),
(274, 18, 'Alappuzha'),
(275, 18, 'Ernakulam'),
(276, 18, 'Idukki'),
(277, 18, 'Kannur'),
(278, 18, 'Kasaragod'),
(279, 18, 'Kollam'),
(280, 18, 'Kottayam'),
(281, 18, 'Kozhikode'),
(282, 18, 'Malappuram'),
(283, 18, 'Palakkad'),
(284, 18, 'Pathanamthitta'),
(285, 18, 'Thrissur'),
(286, 18, 'Thiruvananthapuram'),
(287, 18, 'Wayanad'),
(288, 19, 'Lakshadweep'),
(289, 20, 'Agar'),
(290, 20, 'Alirajpur'),
(291, 20, 'Anuppur'),
(292, 20, 'Ashok Nagar'),
(293, 20, 'Balaghat'),
(294, 20, 'Barwani'),
(295, 20, 'Betul'),
(296, 20, 'Bhind'),
(297, 20, 'Bhopal'),
(298, 20, 'Burhanpur'),
(299, 20, 'Chhatarpur'),
(300, 20, 'Chhindwara'),
(301, 20, 'Damoh'),
(302, 20, 'Datia'),
(303, 20, 'Dewas'),
(304, 20, 'Dhar'),
(305, 20, 'Dindori'),
(306, 20, 'Guna'),
(307, 20, 'Gwalior'),
(308, 20, 'Harda'),
(309, 20, 'Hoshangabad'),
(310, 20, 'Indore'),
(311, 20, 'Jabalpur'),
(312, 20, 'Jhabua'),
(313, 20, 'Katni'),
(314, 20, 'Khandwa (East Nimar)'),
(315, 20, 'Khargone (West Nimar)'),
(316, 20, 'Mandla'),
(317, 20, 'Mandsaur'),
(318, 20, 'Morena'),
(319, 20, 'Narsinghpur'),
(320, 20, 'Neemuch'),
(321, 20, 'Panna'),
(322, 20, 'Raisen'),
(323, 20, 'Rajgarh'),
(324, 20, 'Ratlam'),
(325, 20, 'Rewa'),
(326, 20, 'Sagar'),
(327, 20, 'Satna'),
(328, 20, 'Sehore'),
(329, 20, 'Seoni'),
(330, 20, 'Shahdol'),
(331, 20, 'Shajapur'),
(332, 20, 'Sheopur'),
(333, 20, 'Shivpuri'),
(334, 20, 'Sidhi'),
(335, 20, 'Singrauli'),
(336, 20, 'Tikamgarh'),
(337, 20, 'Ujjain'),
(338, 20, 'Umaria'),
(339, 20, 'Vidisha'),
(340, 21, 'Ahmednagar'),
(341, 21, 'Akola'),
(342, 21, 'Amravati'),
(343, 21, 'Aurangabad'),
(344, 21, 'Beed'),
(345, 21, 'Bhandara'),
(346, 21, 'Buldhana'),
(347, 21, 'Chandrapur'),
(348, 21, 'Dhule'),
(349, 21, 'Gadchiroli'),
(350, 21, 'Gondia'),
(351, 21, 'Hingoli'),
(352, 21, 'Jalgaon'),
(353, 21, 'Jalna'),
(354, 21, 'Kolhapur'),
(355, 21, 'Latur'),
(356, 21, 'Mumbai City'),
(357, 21, 'Mumbai suburban'),
(358, 21, 'Nanded'),
(359, 21, 'Nandurbar'),
(360, 21, 'Nagpur'),
(361, 21, 'Nashik'),
(362, 21, 'Osmanabad'),
(363, 21, 'Parbhani'),
(364, 21, 'Pune'),
(365, 21, 'Raigad'),
(366, 21, 'Ratnagiri'),
(367, 21, 'Sangli'),
(368, 21, 'Satara'),
(369, 21, 'Sindhudurg'),
(370, 21, 'Solapur'),
(371, 21, 'Thane'),
(372, 21, 'Wardha'),
(373, 21, 'Washim'),
(374, 21, 'Yavatmal'),
(375, 22, 'Bishnupur'),
(376, 22, 'Churachandpur'),
(377, 22, 'Chandel'),
(378, 22, 'Imphal East'),
(379, 22, 'Senapati'),
(380, 22, 'Tamenglong'),
(381, 22, 'Thoubal'),
(382, 22, 'Ukhrul'),
(383, 22, 'Imphal West'),
(384, 23, 'East Garo Hills'),
(385, 23, 'East Khasi Hills'),
(386, 23, 'Jaintia Hills'),
(387, 23, 'Ri Bhoi'),
(388, 23, 'South Garo Hills'),
(389, 23, 'West Garo Hills'),
(390, 23, 'West Khasi Hills'),
(391, 24, 'Aizawl'),
(392, 24, 'Champhai'),
(393, 24, 'Kolasib'),
(394, 24, 'Lawngtlai'),
(395, 24, 'Lunglei'),
(396, 24, 'Mamit'),
(397, 24, 'Saiha'),
(398, 24, 'Serchhip'),
(399, 25, 'Dimapur'),
(400, 25, 'Kiphire'),
(401, 25, 'Kohima'),
(402, 25, 'Longleng'),
(403, 25, 'Mokokchung'),
(404, 25, 'Mon'),
(405, 25, 'Peren'),
(406, 25, 'Phek'),
(407, 25, 'Tuensang'),
(408, 25, 'Wokha'),
(409, 25, 'Zunheboto'),
(410, 26, 'Angul'),
(411, 26, 'Boudh (Bauda)'),
(412, 26, 'Bhadrak'),
(413, 26, 'Balangir'),
(414, 26, 'Bargarh (Baragarh)'),
(415, 26, 'Balasore'),
(416, 26, 'Cuttack'),
(417, 26, 'Debagarh (Deogarh)'),
(418, 26, 'Dhenkanal'),
(419, 26, 'Ganjam'),
(420, 26, 'Gajapati'),
(421, 26, 'Jharsuguda'),
(422, 26, 'Jajpur'),
(423, 26, 'Jagatsinghpur'),
(424, 26, 'Khordha'),
(425, 26, 'Kendujhar (Keonjhar)'),
(426, 26, 'Kalahandi'),
(427, 26, 'Kandhamal'),
(428, 26, 'Koraput'),
(429, 26, 'Kendrapara'),
(430, 26, 'Malkangiri'),
(431, 26, 'Mayurbhanj'),
(432, 26, 'Nabarangpur'),
(433, 26, 'Nuapada'),
(434, 26, 'Nayagarh'),
(435, 26, 'Puri'),
(436, 26, 'Rayagada'),
(437, 26, 'Sambalpur'),
(438, 26, 'Subarnapur (Sonepur)'),
(439, 26, 'Sundergarh'),
(440, 27, 'Karaikal'),
(441, 27, 'Mahe'),
(442, 27, 'Pondicherry'),
(443, 27, 'Yanam'),
(444, 28, 'Amritsar'),
(445, 28, 'Barnala'),
(446, 28, 'Bathinda'),
(447, 28, 'Firozpur'),
(448, 28, 'Faridkot'),
(449, 28, 'Fatehgarh Sahib'),
(450, 28, 'Fazilka[6]'),
(451, 28, 'Gurdaspur'),
(452, 28, 'Hoshiarpur'),
(453, 28, 'Jalandhar'),
(454, 28, 'Kapurthala'),
(455, 28, 'Ludhiana'),
(456, 28, 'Mansa'),
(457, 28, 'Moga'),
(458, 28, 'Sri Muktsar Sahib'),
(459, 28, 'Pathankot'),
(460, 28, 'Patiala'),
(461, 28, 'Rupnagar'),
(462, 28, 'Ajitgarh (Mohali)'),
(463, 28, 'Sangrur'),
(464, 28, 'Shahid Bhagat Singh Nagar'),
(465, 28, 'Tarn Taran'),
(466, 29, 'Ajmer'),
(467, 29, 'Alwar'),
(468, 29, 'Bikaner'),
(469, 29, 'Barmer'),
(470, 29, 'Banswara'),
(471, 29, 'Bharatpur'),
(472, 29, 'Baran'),
(473, 29, 'Bundi'),
(474, 29, 'Bhilwara'),
(475, 29, 'Churu'),
(476, 29, 'Chittorgarh'),
(477, 29, 'Dausa'),
(478, 29, 'Dholpur'),
(479, 29, 'Dungapur'),
(480, 29, 'Ganganagar'),
(481, 29, 'Hanumangarh'),
(482, 29, 'Jhunjhunu'),
(483, 29, 'Jalore'),
(484, 29, 'Jodhpur'),
(485, 29, 'Jaipur'),
(486, 29, 'Jaisalmer'),
(487, 29, 'Jhalawar'),
(488, 29, 'Karauli'),
(489, 29, 'Kota'),
(490, 29, 'Nagaur'),
(491, 29, 'Pali'),
(492, 29, 'Pratapgarh'),
(493, 29, 'Rajsamand'),
(494, 29, 'Sikar'),
(495, 29, 'Sawai Madhopur'),
(496, 29, 'Sirohi'),
(497, 29, 'Tonk'),
(498, 29, 'Udaipur'),
(499, 30, 'East Sikkim'),
(500, 30, 'North Sikkim'),
(501, 30, 'South Sikkim'),
(502, 30, 'West Sikkim'),
(503, 31, 'Ariyalur'),
(504, 31, 'Chennai'),
(505, 31, 'Coimbatore'),
(506, 31, 'Cuddalore'),
(507, 31, 'Dharmapuri'),
(508, 31, 'Dindigul'),
(509, 31, 'Erode'),
(510, 31, 'Kanchipuram'),
(511, 31, 'Kanyakumari'),
(512, 31, 'Karur'),
(513, 31, 'Krishnagiri'),
(514, 31, 'Madurai'),
(515, 31, 'Nagapattinam'),
(516, 31, 'Nilgiris'),
(517, 31, 'Namakkal'),
(518, 31, 'Perambalur'),
(519, 31, 'Pudukkottai'),
(520, 31, 'Ramanathapuram'),
(521, 31, 'Salem'),
(522, 31, 'Sivaganga'),
(523, 31, 'Tirupur'),
(524, 31, 'Tiruchirappalli'),
(525, 31, 'Theni'),
(526, 31, 'Tirunelveli'),
(527, 31, 'Thanjavur'),
(528, 31, 'Thoothukudi'),
(529, 31, 'Tiruvallur'),
(530, 31, 'Tiruvarur'),
(531, 31, 'Tiruvannamalai'),
(532, 31, 'Vellore'),
(533, 31, 'Viluppuram'),
(534, 31, 'Virudhunagar'),
(535, 32, 'Dhalai'),
(536, 32, 'North Tripura'),
(537, 32, 'South Tripura'),
(538, 32, 'Khowai[7]'),
(539, 32, 'West Tripura'),
(540, 33, 'Agra'),
(541, 33, 'Aligarh'),
(542, 33, 'Allahabad'),
(543, 33, 'Ambedkar Nagar'),
(544, 33, 'Auraiya'),
(545, 33, 'Azamgarh'),
(546, 33, 'Bagpat'),
(547, 33, 'Bahraich'),
(548, 33, 'Ballia'),
(549, 33, 'Balrampur'),
(550, 33, 'Banda'),
(551, 33, 'Barabanki'),
(552, 33, 'Bareilly'),
(553, 33, 'Basti'),
(554, 33, 'Bijnor'),
(555, 33, 'Budaun'),
(556, 33, 'Bulandshahr'),
(557, 33, 'Chandauli'),
(558, 33, 'Chhatrapati Shahuji Maharaj Nagar[8]'),
(559, 33, 'Chitrakoot'),
(560, 33, 'Deoria'),
(561, 33, 'Etah'),
(562, 33, 'Etawah'),
(563, 33, 'Faizabad'),
(564, 33, 'Farrukhabad'),
(565, 33, 'Fatehpur'),
(566, 33, 'Firozabad'),
(567, 33, 'Gautam Buddh Nagar'),
(568, 33, 'Ghaziabad'),
(569, 33, 'Ghazipur'),
(570, 33, 'Gonda'),
(571, 33, 'Gorakhpur'),
(572, 33, 'Hamirpur'),
(573, 33, 'Hardoi'),
(574, 33, 'Hathras'),
(575, 33, 'Jalaun'),
(576, 33, 'Jaunpur district'),
(577, 33, 'Jhansi'),
(578, 33, 'Jyotiba Phule Nagar'),
(579, 33, 'Kannauj'),
(580, 33, 'Kanpur'),
(581, 33, 'Kanshi Ram Nagar'),
(582, 33, 'Kaushambi'),
(583, 33, 'Kushinagar'),
(584, 33, 'Lakhimpur Kheri'),
(585, 33, 'Lalitpur'),
(586, 33, 'Lucknow'),
(587, 33, 'Maharajganj'),
(588, 33, 'Mahoba'),
(589, 33, 'Mainpuri'),
(590, 33, 'Mathura'),
(591, 33, 'Mau'),
(592, 33, 'Meerut'),
(593, 33, 'Mirzapur'),
(594, 33, 'Moradabad'),
(595, 33, 'Muzaffarnagar'),
(596, 33, 'Panchsheel Nagar district (Hapur)'),
(597, 33, 'Pilibhit'),
(598, 33, 'Pratapgarh'),
(599, 33, 'Raebareli'),
(600, 33, 'Ramabai Nagar (Kanpur Dehat)'),
(601, 33, 'Rampur'),
(602, 33, 'Saharanpur'),
(603, 33, 'Sant Kabir Nagar'),
(604, 33, 'Sant Ravidas Nagar'),
(605, 33, 'Shahjahanpur'),
(606, 33, 'Shamli[9]'),
(607, 33, 'Shravasti'),
(608, 33, 'Siddharthnagar'),
(609, 33, 'Sitapur'),
(610, 33, 'Sonbhadra'),
(611, 33, 'Sultanpur'),
(612, 33, 'Unnao'),
(613, 33, 'Varanasi'),
(614, 34, 'Almora'),
(615, 34, 'Bageshwar'),
(616, 34, 'Chamoli'),
(617, 34, 'Champawat'),
(618, 34, 'Dehradun'),
(619, 34, 'Haridwar'),
(620, 34, 'Nainital'),
(621, 34, 'Pauri Garhwal'),
(622, 34, 'Pithoragarh'),
(623, 34, 'Rudraprayag'),
(624, 34, 'Tehri Garhwal'),
(625, 34, 'Udham Singh Nagar'),
(626, 34, 'Uttarkashi'),
(627, 35, 'Bankura'),
(628, 35, 'Bardhaman'),
(629, 35, 'Birbhum'),
(630, 35, 'Cooch Behar'),
(631, 35, 'Dakshin Dinajpur'),
(632, 35, 'Darjeeling'),
(633, 35, 'Hooghly'),
(634, 35, 'Howrah'),
(635, 35, 'Jalpaiguri'),
(636, 35, 'Kolkata'),
(637, 35, 'Maldah'),
(638, 35, 'Murshidabad'),
(639, 35, 'Nadia'),
(640, 35, 'North 24 Parganas'),
(641, 35, 'Paschim Medinipur'),
(642, 35, 'Purba Medinipur'),
(643, 35, 'Purulia'),
(644, 35, 'South 24 Parganas'),
(645, 35, 'Uttar Dinajpur');

-- --------------------------------------------------------

--
-- Table structure for table `documents`
--

CREATE TABLE `documents` (
  `id` int(15) NOT NULL,
  `web_id` int(15) NOT NULL,
  `img_name` varchar(60) NOT NULL DEFAULT 'avatar.jpeg',
  `type` enum('profile_photo','image','id_proof','video','education_proof','income_proof') NOT NULL,
  `date` date NOT NULL
) ENGINE=InnoDB DEFAULT CHARSET=utf8mb4;

--
-- Dumping data for table `documents`
--

INSERT INTO `documents` (`id`, `web_id`, `img_name`, `type`, `date`) VALUES
(1, 68, 'avatar_male.jpg', 'profile_photo', '2021-05-24'),
(2, 69, 'avatar_fmale.jpg', 'profile_photo', '2021-05-24'),
(3, 70, 'avatar_male.jpg', 'profile_photo', '2021-05-26'),
(4, 1001, 'avatar_male.jpg', 'profile_photo', '2021-05-26'),
(5, 1003, 'avatar_male.jpg', 'profile_photo', '2021-05-27'),
(6, 1013, 'avatar_fmale.jpg', 'profile_photo', '2021-06-04'),
(7, 1014, 'avatar_fmale.jpg', 'profile_photo', '2021-06-04'),
(8, 1015, 'avatar_fmale.jpg', 'profile_photo', '2021-06-04'),
(9, 1016, 'avatar_fmale.jpg', 'profile_photo', '2021-06-04'),
(10, 1017, 'avatar_male.jpg', 'profile_photo', '2021-06-12'),
(11, 1018, 'avatar_fmale.jpg', 'profile_photo', '2021-06-12'),
(12, 1019, 'avatar_male.jpg', 'profile_photo', '2021-06-12');

-- --------------------------------------------------------

--
-- Table structure for table `eating_habbit`
--

CREATE TABLE `eating_habbit` (
  `eating_id` int(1) NOT NULL,
  `eating_habbit` varchar(50) NOT NULL
) ENGINE=InnoDB DEFAULT CHARSET=utf8mb4;

--
-- Dumping data for table `eating_habbit`
--

INSERT INTO `eating_habbit` (`eating_id`, `eating_habbit`) VALUES
(1, 'Emotional Eater'),
(2, 'Habitual eater'),
(3, 'External eater'),
(4, 'Critical eater'),
(5, ' Sensual eater');

-- --------------------------------------------------------

--
-- Table structure for table `education`
--

CREATE TABLE `education` (
  `education_id` int(3) NOT NULL,
  `edu_category` int(11) NOT NULL,
  `education` varchar(55) DEFAULT NULL
) ENGINE=InnoDB DEFAULT CHARSET=utf8mb4;

--
-- Dumping data for table `education`
--

INSERT INTO `education` (`education_id`, `edu_category`, `education`) VALUES
(1, 3, 'Bachelors arts/science/commerce/others'),
(2, 3, 'Bachelors engineering/computer/others'),
(3, 3, 'Bachelors legal/others'),
(4, 3, 'Bachelors management/others'),
(5, 3, 'Bachelors-medicine-general/dental/surgeon/others'),
(6, 0, 'Diploma/ITI/others'),
(7, 0, 'Finance ICWAI/CA/CS/CFA/others'),
(8, 0, 'Higher secondary/secondary'),
(9, 2, 'Masters arts/science/commerce/others'),
(10, 2, 'Masters engineering/computer/others'),
(11, 2, 'Masters legal/others'),
(12, 2, 'Masters management/others'),
(13, 2, 'Masters medicine-general/dental/surgeon/others'),
(14, 4, 'Nursing & paramedical masters/bachelors/diploma/others '),
(15, 0, 'Phd /Research'),
(16, 0, 'Service IAS/IPS/IRS/IFS/others'),
(17, 3, 'Btech'),
(18, 3, 'Bsc'),
(19, 2, 'M.com'),
(20, 2, 'M.B.A'),
(21, 3, 'B.com'),
(22, 1, 'L.L.B'),
(23, 2, 'M.A'),
(24, 0, 'Plus 2'),
(25, 0, 'Civil'),
(26, 0, 'Civil Engineer'),
(27, 0, 'Electronics B tech'),
(28, 0, 'B.A'),
(29, 0, 'B tech'),
(31, 0, 'ec'),
(32, 0, '10th');

-- --------------------------------------------------------

--
-- Table structure for table `edu_category`
--

CREATE TABLE `edu_category` (
  `cat_id` int(11) NOT NULL,
  `edu_category` varchar(50) NOT NULL
) ENGINE=InnoDB DEFAULT CHARSET=utf8mb4;

--
-- Dumping data for table `edu_category`
--

INSERT INTO `edu_category` (`cat_id`, `edu_category`) VALUES
(1, 'Doctorate'),
(2, 'Masters'),
(3, 'Bachelors'),
(4, 'Diploma'),
(5, 'Trade School/TTC//ITI'),
(6, 'High/Secondary School'),
(7, 'Less than High School');

-- --------------------------------------------------------

--
-- Table structure for table `employed_in`
--

CREATE TABLE `employed_in` (
  `employedin_id` int(1) NOT NULL,
  `employed_in` varchar(30) NOT NULL
) ENGINE=InnoDB DEFAULT CHARSET=utf8mb4;

--
-- Dumping data for table `employed_in`
--

INSERT INTO `employed_in` (`employedin_id`, `employed_in`) VALUES
(2, 'Government'),
(3, 'Non-Government/private'),
(4, 'Self Employed/Buissiness'),
(5, 'Other');

-- --------------------------------------------------------

--
-- Table structure for table `facilities`
--

CREATE TABLE `facilities` (
  `id` int(10) NOT NULL,
  `facility_id` int(3) NOT NULL,
  `package_id` int(10) NOT NULL,
  `facility_limit` int(10) NOT NULL,
  `renewal_amount` int(10) NOT NULL,
  `renewal_limit` int(10) NOT NULL,
  `created` date NOT NULL,
  `expired` date NOT NULL,
  `status` tinyint(1) NOT NULL
) ENGINE=InnoDB DEFAULT CHARSET=utf8mb4;

--
-- Dumping data for table `facilities`
--

INSERT INTO `facilities` (`id`, `facility_id`, `package_id`, `facility_limit`, `renewal_amount`, `renewal_limit`, `created`, `expired`, `status`) VALUES
(1, 1, 13, 0, 0, 0, '2020-08-15', '0000-00-00', 1),
(2, 2, 13, 0, 0, 0, '2020-08-15', '0000-00-00', 1),
(3, 3, 13, 0, 0, 0, '2020-08-15', '0000-00-00', 1),
(4, 4, 13, 1000000000, 0, 0, '2020-08-15', '0000-00-00', 1),
(5, 5, 13, 1000000000, 0, 0, '2020-08-15', '0000-00-00', 1),
(6, 6, 13, 0, 0, 0, '2020-08-15', '0000-00-00', 1),
(7, 7, 13, 0, 0, 0, '0000-00-00', '0000-00-00', 1),
(8, 8, 13, 0, 0, 0, '0000-00-00', '0000-00-00', 1),
(9, 1, 1, 10, 0, 0, '0000-00-00', '0000-00-00', 1),
(10, 2, 1, 10, 0, 0, '0000-00-00', '0000-00-00', 1),
(11, 3, 1, 10, 0, 0, '0000-00-00', '0000-00-00', 1),
(12, 4, 1, 1000000000, 0, 0, '0000-00-00', '0000-00-00', 1),
(13, 5, 1, 1000000000, 0, 0, '0000-00-00', '0000-00-00', 1),
(14, 6, 1, 10, 0, 0, '0000-00-00', '0000-00-00', 1),
(15, 7, 1, 10, 0, 0, '0000-00-00', '0000-00-00', 1),
(16, 8, 1, 10, 0, 0, '0000-00-00', '0000-00-00', 1),
(17, 1, 2, 15, 0, 0, '0000-00-00', '0000-00-00', 1),
(18, 2, 2, 15, 0, 0, '0000-00-00', '0000-00-00', 1),
(19, 3, 2, 15, 0, 0, '0000-00-00', '0000-00-00', 1),
(20, 4, 2, 1000000000, 0, 0, '0000-00-00', '0000-00-00', 1),
(21, 5, 2, 1000000000, 0, 0, '0000-00-00', '0000-00-00', 1),
(22, 6, 2, 15, 0, 0, '0000-00-00', '0000-00-00', 1),
(23, 7, 2, 15, 0, 0, '0000-00-00', '0000-00-00', 1),
(24, 8, 2, 15, 0, 0, '0000-00-00', '0000-00-00', 1),
(25, 1, 3, 16, 0, 0, '0000-00-00', '0000-00-00', 1),
(26, 2, 3, 6, 0, 0, '0000-00-00', '0000-00-00', 1),
(27, 3, 3, 6, 0, 0, '0000-00-00', '0000-00-00', 1),
(28, 4, 3, 1000000000, 0, 0, '0000-00-00', '0000-00-00', 1),
(29, 5, 3, 1000000000, 0, 0, '0000-00-00', '0000-00-00', 1),
(30, 6, 3, 6, 0, 0, '0000-00-00', '0000-00-00', 1),
(31, 7, 3, 6, 0, 0, '0000-00-00', '0000-00-00', 1),
(32, 8, 3, 6, 0, 0, '0000-00-00', '0000-00-00', 1),
(33, 1, 4, 7, 0, 0, '0000-00-00', '0000-00-00', 1),
(34, 2, 4, 7, 0, 0, '0000-00-00', '0000-00-00', 1),
(35, 3, 4, 7, 0, 0, '0000-00-00', '0000-00-00', 1),
(36, 4, 4, 1000000000, 0, 0, '0000-00-00', '0000-00-00', 1),
(37, 5, 4, 1000000000, 0, 0, '0000-00-00', '0000-00-00', 1),
(38, 6, 4, 7, 0, 0, '0000-00-00', '0000-00-00', 1),
(39, 7, 4, 7, 0, 0, '0000-00-00', '0000-00-00', 1),
(40, 8, 4, 7, 0, 0, '0000-00-00', '0000-00-00', 1),
(41, 1, 5, 8, 0, 0, '0000-00-00', '0000-00-00', 1),
(42, 2, 5, 8, 0, 0, '0000-00-00', '0000-00-00', 1),
(43, 3, 5, 8, 0, 0, '0000-00-00', '0000-00-00', 1),
(44, 4, 5, 1000000000, 0, 0, '0000-00-00', '0000-00-00', 1),
(45, 5, 5, 1000000000, 0, 0, '0000-00-00', '0000-00-00', 1),
(46, 6, 5, 8, 0, 0, '0000-00-00', '0000-00-00', 1),
(47, 7, 5, 8, 0, 0, '0000-00-00', '0000-00-00', 1),
(48, 8, 5, 8, 0, 0, '0000-00-00', '0000-00-00', 1),
(49, 1, 6, 9, 0, 0, '0000-00-00', '0000-00-00', 1),
(50, 2, 6, 9, 0, 0, '0000-00-00', '0000-00-00', 1),
(51, 3, 6, 9, 0, 0, '0000-00-00', '0000-00-00', 1),
(52, 4, 6, 1000000000, 0, 0, '0000-00-00', '0000-00-00', 1),
(53, 5, 6, 1000000000, 0, 0, '0000-00-00', '0000-00-00', 1),
(54, 6, 6, 9, 0, 0, '0000-00-00', '0000-00-00', 1),
(55, 7, 6, 9, 0, 0, '0000-00-00', '0000-00-00', 1),
(56, 8, 6, 9, 0, 0, '0000-00-00', '0000-00-00', 1),
(57, 1, 7, 10, 0, 0, '0000-00-00', '0000-00-00', 1),
(58, 2, 7, 10, 0, 0, '0000-00-00', '0000-00-00', 1),
(59, 3, 7, 10, 0, 0, '0000-00-00', '0000-00-00', 1),
(60, 4, 7, 1000000000, 0, 0, '0000-00-00', '0000-00-00', 1),
(61, 5, 7, 1000000000, 0, 0, '0000-00-00', '0000-00-00', 1),
(62, 6, 7, 10, 0, 0, '0000-00-00', '0000-00-00', 1),
(63, 7, 7, 10, 0, 0, '0000-00-00', '0000-00-00', 1),
(64, 8, 7, 10, 0, 0, '0000-00-00', '0000-00-00', 1),
(65, 1, 8, 11, 0, 0, '0000-00-00', '0000-00-00', 1),
(66, 2, 8, 11, 0, 0, '0000-00-00', '0000-00-00', 1),
(67, 3, 8, 11, 0, 0, '0000-00-00', '0000-00-00', 1),
(68, 4, 8, 1000000000, 0, 0, '0000-00-00', '0000-00-00', 1),
(69, 5, 8, 1000000000, 0, 0, '0000-00-00', '0000-00-00', 1),
(70, 6, 8, 11, 0, 0, '0000-00-00', '0000-00-00', 1),
(71, 7, 8, 11, 0, 0, '0000-00-00', '0000-00-00', 1),
(72, 8, 8, 11, 0, 0, '0000-00-00', '0000-00-00', 1),
(73, 1, 9, 12, 0, 0, '0000-00-00', '0000-00-00', 1),
(74, 2, 9, 12, 0, 0, '0000-00-00', '0000-00-00', 1),
(75, 3, 9, 12, 0, 0, '0000-00-00', '0000-00-00', 1),
(76, 4, 9, 1000000000, 0, 0, '0000-00-00', '0000-00-00', 1),
(77, 5, 9, 1000000000, 0, 0, '0000-00-00', '0000-00-00', 1),
(78, 6, 9, 12, 0, 0, '0000-00-00', '0000-00-00', 1),
(79, 7, 9, 12, 0, 0, '0000-00-00', '0000-00-00', 1),
(80, 8, 9, 12, 0, 0, '0000-00-00', '0000-00-00', 1),
(81, 1, 10, 13, 0, 0, '0000-00-00', '0000-00-00', 1),
(82, 2, 10, 13, 0, 0, '0000-00-00', '0000-00-00', 1),
(83, 3, 10, 13, 0, 0, '0000-00-00', '0000-00-00', 1),
(84, 4, 10, 1000000000, 0, 0, '0000-00-00', '0000-00-00', 1),
(85, 5, 10, 1000000000, 0, 0, '0000-00-00', '0000-00-00', 1),
(86, 6, 10, 13, 0, 0, '0000-00-00', '0000-00-00', 1),
(87, 7, 10, 13, 0, 0, '0000-00-00', '0000-00-00', 1),
(88, 8, 10, 13, 0, 0, '0000-00-00', '0000-00-00', 1),
(89, 1, 11, 14, 0, 0, '0000-00-00', '0000-00-00', 1),
(90, 2, 11, 14, 0, 0, '0000-00-00', '0000-00-00', 1),
(91, 3, 11, 14, 0, 0, '0000-00-00', '0000-00-00', 1),
(92, 4, 11, 1000000000, 0, 0, '0000-00-00', '0000-00-00', 1),
(93, 5, 11, 1000000000, 0, 0, '0000-00-00', '0000-00-00', 1),
(94, 6, 11, 14, 0, 0, '0000-00-00', '0000-00-00', 1),
(95, 7, 11, 14, 0, 0, '0000-00-00', '0000-00-00', 1),
(96, 8, 11, 14, 0, 0, '0000-00-00', '0000-00-00', 1),
(97, 1, 12, 15, 0, 0, '0000-00-00', '0000-00-00', 1),
(98, 2, 12, 15, 0, 0, '0000-00-00', '0000-00-00', 1),
(99, 3, 12, 15, 0, 0, '0000-00-00', '0000-00-00', 1),
(100, 4, 12, 1000000000, 0, 0, '0000-00-00', '0000-00-00', 1),
(101, 5, 12, 1000000000, 0, 0, '0000-00-00', '0000-00-00', 1),
(102, 6, 12, 15, 0, 0, '0000-00-00', '0000-00-00', 1),
(103, 7, 12, 15, 0, 0, '0000-00-00', '0000-00-00', 1),
(104, 8, 12, 15, 0, 0, '0000-00-00', '0000-00-00', 1),
(105, 1, 14, 100, 0, 0, '0000-00-00', '0000-00-00', 1),
(106, 1, 15, 100, 0, 0, '0000-00-00', '0000-00-00', 1);

-- --------------------------------------------------------

--
-- Table structure for table `facility`
--

CREATE TABLE `facility` (
  `facility_id` int(3) NOT NULL,
  `facility_name` varchar(50) NOT NULL
) ENGINE=InnoDB DEFAULT CHARSET=utf8mb4;

--
-- Dumping data for table `facility`
--

INSERT INTO `facility` (`facility_id`, `facility_name`) VALUES
(1, 'Contact_view'),
(2, 'Chat'),
(3, 'Interest'),
(4, 'Shortlist'),
(5, 'Profile view'),
(6, 'Horoscope'),
(7, 'Photo'),
(8, 'Block');

-- --------------------------------------------------------

--
-- Table structure for table `family_status`
--

CREATE TABLE `family_status` (
  `family_status_id` int(1) NOT NULL,
  `family_status` varchar(20) NOT NULL
) ENGINE=InnoDB DEFAULT CHARSET=utf8mb4;

--
-- Dumping data for table `family_status`
--

INSERT INTO `family_status` (`family_status_id`, `family_status`) VALUES
(1, 'Lower Income'),
(2, 'Middleclass'),
(3, 'Rich/Affluent'),
(4, 'Upper middleclass'),
(5, 'other');

-- --------------------------------------------------------

--
-- Table structure for table `family_type`
--

CREATE TABLE `family_type` (
  `family_type_id` int(2) NOT NULL,
  `family_type` varchar(20) NOT NULL
) ENGINE=InnoDB DEFAULT CHARSET=utf8mb4;

--
-- Dumping data for table `family_type`
--

INSERT INTO `family_type` (`family_type_id`, `family_type`) VALUES
(1, 'Big'),
(2, 'Nuclear'),
(3, 'medium'),
(4, 'small'),
(5, 'other');

-- --------------------------------------------------------

--
-- Table structure for table `family_value`
--

CREATE TABLE `family_value` (
  `family_value_id` int(2) NOT NULL,
  `family_value` varchar(50) NOT NULL
) ENGINE=InnoDB DEFAULT CHARSET=utf8mb4;

--
-- Dumping data for table `family_value`
--

INSERT INTO `family_value` (`family_value_id`, `family_value`) VALUES
(1, 'Liberal'),
(2, 'Moderate'),
(3, 'Orthodox'),
(4, 'Traditional'),
(5, 'other');

-- --------------------------------------------------------

--
-- Table structure for table `faq`
--

CREATE TABLE `faq` (
  `id` int(10) NOT NULL,
  `word` varchar(500) NOT NULL,
  `content` varchar(1000) NOT NULL,
  `tab` varchar(50) NOT NULL
) ENGINE=InnoDB DEFAULT CHARSET=utf8mb4;

--
-- Dumping data for table `faq`
--

INSERT INTO `faq` (`id`, `word`, `content`, `tab`) VALUES
(1, 'What is Star Match/Astro Match/Horoscope Match?', 'For marriage alliances, The Hindus practice Star Match or Nakshatraporutham/Horoscope/Astro match is a prediction done by checking their Raashi and birth star.', ''),
(2, 'How do I know my star match for Marriage?', 'Marriage horoscope matching will be done online. Marriage matching is done based on the birth stars and janmaRashi of the people who get married.', ''),
(3, 'Is there any daily limit to send Interest?', 'No, there is no limit to send interest.', ''),
(4, 'How will I get interests or Alerts?', 'You will get Interests or Alerts via Email and SMS .If you need to unsubscribe any among the alerts you can simply deselect those alerts in settings menu.', ''),
(5, 'How will I know if a member accepts or declined my Interest?', 'You will get notifications via Email and SMS when a member accepts or declines your interests. You can also log in to Malayalee Marriages profile Click on the interests menu to view interests send/received.', ''),
(6, 'Will I be charged for SMS/Email Alerts?', 'No,its absolutely free when you get registered.', ''),
(7, 'Can I register behalf of someone else?', 'Yes, you can register behalf of someone.', ''),
(8, 'How to register or new user signup?', 'Registering on Malayali marriages.com is simple.\r\n       Go to www.malayalimarriages.com.You can choose to register as a free member. Basic information of the person intending to get married is entered during the registration. The user can enter all information at one go, or choose to add a few essential fields the first time, and come back and complete the profile later.', ''),
(9, 'Can I use same Email ID for 2 profile registration?', 'No, in a single Email you cannot register multiple profiles.For each profile it is mandatory to have a unique email ID', ''),
(10, 'How to be a Premium Member?', 'Login with the \'User Name\' and \'Password\' which you received during free signup/registration\r\n       <br>\r\nClick on Go to Premiumbutton on bottom.\r\n  <br>\r\nAvailable membership schemes will displayed\r\n  <br>\r\nChoose your membership scheme\r\n  <br>\r\nClick Make Payment button to subscribe membership scheme of your choice and press OK to make payment\r\n  <br>\r\nProvide Card Type, Card Number, Currency, Amount, Name of Card, Card Expiry Date and Card Security Code\r\n  <br>\r\nPress Proceed to Pay button to process the payment', ''),
(11, 'How to delete my Malayali marriages profile?', 'Login to your Malayali marriages account using your Username and Password.\r\n       <br>\r\nClick on Settings menu-->click Delete My Profile tab.\r\n <br>\r\nChoose a reason to delete account\r\n <br>\r\nClick on Delete Profile button.', ''),
(12, 'What is Photograph Validation process? How long it will take?', 'Every photograph posted on our website involves a manual screening\r\nour staff will screen every photograph and has authority to Approve/Disapprove/Delete\r\nPhotographs will be available to all members only after passing validation check\r\nThe turnaround time for photograph validation is 24 hours.', ''),
(13, 'Is it is possible to restore the deleted profile?', 'You cannot undelete, restore or reactivate your profile once you deleted it.\r\n<br>\r\nIn case you need to restore your profile\r\n<br>\r\nCall Malayali marriages Help Desk: Phone +222 999 888\r\n<br>\r\nOR\r\n<br>\r\nReach Malayali marriages Help Desk at: info@malayalimarriages.com.com', ''),
(14, 'What is profile status means?', 'Your profile status can either be set as \'Active\' or \'Deactivate\'. By default, the profile status is \'Active\'. Setting the profile status to \'Deactivate\' makes your profile invisible to others. Also you wont be able to login and contact other profiles. Any member can change the status of profile.\r\n       <br>\r\nLogin to your Malayali marriages account using your Username and Password.\r\n<br>\r\nClick on settings\r\n<br>\r\nClick on Hide Profile icon.\r\n<br>\r\nEnter Hide Profile up to Date\r\n<br>\r\nClick the Deactivate to hide your profile from others\r\n<br>\r\nClick the Un-Hide Profile button to Un-hide your profile', ''),
(15, ' Can I activate my Malayali marriages account after deactivate?', '       Yes, you can activate your account after that particular period you choose to deactivate.', ''),
(16, 'What is Request to view photo?', ' This feature helps you to send a request to an Malayali marriages member to add his/her photo\r\nIf he/she has not added one.', '');

-- --------------------------------------------------------

--
-- Table structure for table `featured`
--

CREATE TABLE `featured` (
  `id` int(11) NOT NULL,
  `web_id` int(11) NOT NULL,
  `name` varchar(25) NOT NULL,
  `f_img_name` varchar(100) NOT NULL,
  `place` varchar(100) NOT NULL,
  `created` date NOT NULL,
  `active` tinyint(4) NOT NULL,
  `role` varchar(30) NOT NULL
) ENGINE=InnoDB DEFAULT CHARSET=latin1;

--
-- Dumping data for table `featured`
--

INSERT INTO `featured` (`id`, `web_id`, `name`, `f_img_name`, `place`, `created`, `active`, `role`) VALUES
(1, 0, 'Amrutha Francis', 'cf68e74d0c2e629aca8f8e7771fd75be.jpg', '', '2021-02-11', 1, 'Bride'),
(2, 0, 'Mishela Babu P', '13d0f2af7dd9e35dfea9ac00d533b500.jpg', '', '2021-02-11', 1, 'Groom'),
(3, 3368, 'nice', '107fe6d72464547aef133837d53ce4d7.jpg', '', '2021-02-14', 1, 'Groom');

-- --------------------------------------------------------

--
-- Table structure for table `gender`
--

CREATE TABLE `gender` (
  `gender_id` int(1) NOT NULL,
  `gender` varchar(11) NOT NULL
) ENGINE=InnoDB DEFAULT CHARSET=utf8mb4;

--
-- Dumping data for table `gender`
--

INSERT INTO `gender` (`gender_id`, `gender`) VALUES
(1, 'Male'),
(2, 'Female'),
(3, 'other');

-- --------------------------------------------------------

--
-- Table structure for table `groups`
--

CREATE TABLE `groups` (
  `id` mediumint(8) UNSIGNED NOT NULL,
  `name` varchar(20) NOT NULL,
  `description` varchar(100) NOT NULL
) ENGINE=InnoDB DEFAULT CHARSET=utf8;

--
-- Dumping data for table `groups`
--

INSERT INTO `groups` (`id`, `name`, `description`) VALUES
(1, 'admin', 'Administrator'),
(2, 'members', 'General User'),
(3, 'Staff', 'Staff\r\n');

-- --------------------------------------------------------

--
-- Table structure for table `habbit_type`
--

CREATE TABLE `habbit_type` (
  `habbit_type_id` int(1) NOT NULL,
  `habbit_type` varchar(10) NOT NULL
) ENGINE=InnoDB DEFAULT CHARSET=utf8mb4;

--
-- Dumping data for table `habbit_type`
--

INSERT INTO `habbit_type` (`habbit_type_id`, `habbit_type`) VALUES
(1, 'Daily'),
(2, 'Never'),
(3, 'Occasional');

-- --------------------------------------------------------

--
-- Table structure for table `happy_couples`
--

CREATE TABLE `happy_couples` (
  `id` int(11) NOT NULL,
  `b_webid` int(11) NOT NULL,
  `g_webid` int(11) NOT NULL,
  `name` varchar(100) NOT NULL,
  `date` date NOT NULL,
  `story` varchar(500) NOT NULL,
  `image` varchar(100) NOT NULL
) ENGINE=InnoDB DEFAULT CHARSET=latin1;

-- --------------------------------------------------------

--
-- Table structure for table `height`
--

CREATE TABLE `height` (
  `height_id` int(2) NOT NULL,
  `height` varchar(12) NOT NULL
) ENGINE=InnoDB DEFAULT CHARSET=utf8mb4;

--
-- Dumping data for table `height`
--

INSERT INTO `height` (`height_id`, `height`) VALUES
(1, '120'),
(2, '121'),
(3, '122'),
(4, '123'),
(5, '124'),
(6, '125'),
(7, '126'),
(8, '127'),
(9, '128'),
(10, '129'),
(11, '130'),
(12, '131'),
(13, '132'),
(14, '133'),
(15, '134'),
(16, '135'),
(17, '136'),
(18, '137'),
(19, '138'),
(20, '139'),
(21, '140'),
(22, '141'),
(23, '142'),
(24, '143'),
(25, '144'),
(26, '145'),
(27, '146'),
(28, '147'),
(29, '148'),
(30, '149'),
(31, '150'),
(32, '151'),
(33, '152'),
(34, '153'),
(35, '154'),
(36, '155'),
(37, '156'),
(38, '157'),
(39, '158'),
(40, '159'),
(41, '160'),
(42, '161'),
(43, '162'),
(44, '163'),
(45, '164'),
(46, '165'),
(47, '166'),
(48, '167'),
(49, '168'),
(50, '169'),
(51, '170'),
(52, '171'),
(53, '172'),
(54, '173'),
(55, '174'),
(56, '175'),
(57, '176'),
(58, '177'),
(59, '178'),
(60, '179'),
(61, '180'),
(62, '181'),
(63, '182'),
(64, '183'),
(65, '184'),
(66, '185'),
(67, '186'),
(68, '187'),
(69, '188'),
(70, '189'),
(71, '190'),
(72, '191'),
(73, '192'),
(74, '193'),
(75, '194'),
(76, '195'),
(77, '196'),
(78, '197'),
(79, '198'),
(80, '199'),
(81, '200'),
(82, '201'),
(83, '202'),
(84, '203'),
(85, '204'),
(86, '205'),
(87, '206'),
(88, '207'),
(89, '208'),
(90, '209'),
(91, '210'),
(92, '211'),
(93, '212');

-- --------------------------------------------------------

--
-- Table structure for table `hobbies`
--

CREATE TABLE `hobbies` (
  `hobby_id` int(1) NOT NULL,
  `hobby` varchar(20) NOT NULL
) ENGINE=InnoDB DEFAULT CHARSET=utf8mb4;

--
-- Dumping data for table `hobbies`
--

INSERT INTO `hobbies` (`hobby_id`, `hobby`) VALUES
(1, 'Reading'),
(2, 'Writing'),
(3, 'Singing'),
(4, 'Travel'),
(5, 'Foodie');

-- --------------------------------------------------------

--
-- Table structure for table `horoscope`
--

CREATE TABLE `horoscope` (
  `id` int(11) NOT NULL,
  `web_id` int(11) NOT NULL,
  `dob` varchar(100) NOT NULL,
  `geo_coordinates` varchar(100) NOT NULL
) ENGINE=InnoDB DEFAULT CHARSET=utf8mb4;

--
-- Dumping data for table `horoscope`
--

INSERT INTO `horoscope` (`id`, `web_id`, `dob`, `geo_coordinates`) VALUES
(1, 1212, '1997-12-31T09:12:21+00:00', '10.214747,78.097626'),
(3, 2307, '2002-12-13T::21+00:00', '10.214747,78.097626'),
(4, 2316, '0000-00-00T::21+00:00', '10.214747,78.097626'),
(5, 2361, '2002-06-20T::21+00:00', '10.214747,78.097626'),
(6, 2379, '0000-00-00T::21+00:00', '10.214747,78.097626'),
(7, 2389, '0000-00-00T::21+00:00', '10.214747,78.097626'),
(8, 2505, '1991-05-01T::21+00:00', '10.214747,78.097626'),
(9, 2577, '1996-03-01T::21+00:00', '10.214747,78.097626'),
(10, 2303, '0000-00-00T::21+00:00', '10.214747,78.097626'),
(11, 3520, '1994-12-06T:12:21+00:00', '10.214747,78.097626');

-- --------------------------------------------------------

--
-- Table structure for table `income`
--

CREATE TABLE `income` (
  `income_id` int(2) NOT NULL,
  `income` varchar(30) NOT NULL
) ENGINE=InnoDB DEFAULT CHARSET=utf8mb4;

--
-- Dumping data for table `income`
--

INSERT INTO `income` (`income_id`, `income`) VALUES
(1, 'Rs 1000-3000'),
(2, 'Rs 3000-5000'),
(3, 'Rs 5000-8000'),
(4, 'Rs 8000-10000'),
(5, 'Rs 10000-15000'),
(6, 'Rs 15000-25000'),
(7, 'Rs 25000-50000'),
(8, 'Rs 50000-75000'),
(9, 'Rs 75000-100000'),
(10, 'Rs 100000-200000'),
(11, 'above 200000');

-- --------------------------------------------------------

--
-- Table structure for table `interest`
--

CREATE TABLE `interest` (
  `interest_id` int(1) NOT NULL,
  `interest` varchar(15) NOT NULL
) ENGINE=InnoDB DEFAULT CHARSET=utf8mb4;

--
-- Dumping data for table `interest`
--

INSERT INTO `interest` (`interest_id`, `interest`) VALUES
(1, 'Music'),
(2, 'Sports/Fitness'),
(3, 'Adventures'),
(4, 'Rides'),
(5, 'Dance');

-- --------------------------------------------------------

--
-- Table structure for table `jathakam`
--

CREATE TABLE `jathakam` (
  `jathakam_id` int(1) NOT NULL,
  `typeof_jathakam` varchar(25) NOT NULL
) ENGINE=InnoDB DEFAULT CHARSET=utf8mb4;

--
-- Dumping data for table `jathakam`
--

INSERT INTO `jathakam` (`jathakam_id`, `typeof_jathakam`) VALUES
(1, 'normal jathakam'),
(2, 'paapa jathakam'),
(3, 'sudha jatham'),
(4, 'chovva dhosam'),
(5, 'Not Specified');

-- --------------------------------------------------------

--
-- Table structure for table `job`
--

CREATE TABLE `job` (
  `job_id` int(11) NOT NULL,
  `job_cat_id` int(11) NOT NULL,
  `job_title` varchar(50) NOT NULL
) ENGINE=InnoDB DEFAULT CHARSET=utf8mb4;

--
-- Dumping data for table `job`
--

INSERT INTO `job` (`job_id`, `job_cat_id`, `job_title`) VALUES
(1, 1, 'asdsss'),
(2, 2, 'fffd'),
(3, 3, 'bgbg'),
(4, 4, 'rfgfd'),
(5, 5, 'ddc');

-- --------------------------------------------------------

--
-- Table structure for table `job_category`
--

CREATE TABLE `job_category` (
  `job_cat_id` int(3) NOT NULL,
  `job_cat` varchar(30) DEFAULT NULL
) ENGINE=InnoDB DEFAULT CHARSET=utf8mb4;

--
-- Dumping data for table `job_category`
--

INSERT INTO `job_category` (`job_cat_id`, `job_cat`) VALUES
(1, 'ADMIN'),
(2, 'Agricuture'),
(3, 'Airline'),
(4, 'Architect/Design'),
(5, 'Banking Co-Operative sector'),
(6, 'Banking Non-financial'),
(7, 'Banking professional'),
(8, 'Beauty&fashion'),
(9, 'Business'),
(10, 'Civil services'),
(11, 'Defence'),
(12, 'Education'),
(13, 'Finance & accounts'),
(14, 'Hospitality'),
(15, 'IT/Engineering'),
(16, 'IT non-engineering'),
(17, 'Law enforcement'),
(18, 'Legal'),
(19, 'Marketing&Sales'),
(20, 'Media&entertainment'),
(21, 'Medical'),
(22, 'Merchant Navy'),
(23, 'Police/Force'),
(24, 'Scientist'),
(25, 'Top management'),
(26, 'Others'),
(27, 'Digital Marketing'),
(68, 'CRO'),
(72, 'Accountant'),
(74, 'Welder'),
(75, 'Sales Man'),
(76, 'Engineer'),
(77, 'Photographer'),
(78, 'Civil Engineer'),
(79, 'Ass. Manager'),
(80, 'Supervisor'),
(81, 'Team leader'),
(82, 'Tax Auditor'),
(83, 'Fashion Design'),
(86, 'nurse'),
(87, 'Driver');

-- --------------------------------------------------------

--
-- Table structure for table `languages`
--

CREATE TABLE `languages` (
  `id` int(10) UNSIGNED NOT NULL,
  `name` char(49) CHARACTER SET utf8 DEFAULT NULL,
  `iso_639-1` char(2) CHARACTER SET utf8 DEFAULT NULL
) ENGINE=InnoDB DEFAULT CHARSET=utf8 COLLATE=utf8_bin;

--
-- Dumping data for table `languages`
--

INSERT INTO `languages` (`id`, `name`, `iso_639-1`) VALUES
(1, 'English', 'en'),
(2, 'Afar', 'aa'),
(3, 'Abkhazian', 'ab'),
(4, 'Afrikaans', 'af'),
(5, 'Amharic', 'am'),
(6, 'Arabic', 'ar'),
(7, 'Assamese', 'as'),
(8, 'Aymara', 'ay'),
(9, 'Azerbaijani', 'az'),
(10, 'Bashkir', 'ba'),
(11, 'Belarusian', 'be'),
(12, 'Bulgarian', 'bg'),
(13, 'Bihari', 'bh'),
(14, 'Bislama', 'bi'),
(15, 'Bengali/Bangla', 'bn'),
(16, 'Tibetan', 'bo'),
(17, 'Breton', 'br'),
(18, 'Catalan', 'ca'),
(19, 'Corsican', 'co'),
(20, 'Czech', 'cs'),
(21, 'Welsh', 'cy'),
(22, 'Danish', 'da'),
(23, 'German', 'de'),
(24, 'Bhutani', 'dz'),
(25, 'Greek', 'el'),
(26, 'Esperanto', 'eo'),
(27, 'Spanish', 'es'),
(28, 'Estonian', 'et'),
(29, 'Basque', 'eu'),
(30, 'Persian', 'fa'),
(31, 'Finnish', 'fi'),
(32, 'Fiji', 'fj'),
(33, 'Faeroese', 'fo'),
(34, 'French', 'fr'),
(35, 'Frisian', 'fy'),
(36, 'Irish', 'ga'),
(37, 'Scots/Gaelic', 'gd'),
(38, 'Galician', 'gl'),
(39, 'Guarani', 'gn'),
(40, 'Gujarati', 'gu'),
(41, 'Hausa', 'ha'),
(42, 'Hindi', 'hi'),
(43, 'Croatian', 'hr'),
(44, 'Hungarian', 'hu'),
(45, 'Armenian', 'hy'),
(46, 'Interlingua', 'ia'),
(47, 'Interlingue', 'ie'),
(48, 'Inupiak', 'ik'),
(49, 'Indonesian', 'in'),
(50, 'Icelandic', 'is'),
(51, 'Italian', 'it'),
(52, 'Hebrew', 'iw'),
(53, 'Japanese', 'ja'),
(54, 'Yiddish', 'ji'),
(55, 'Javanese', 'jw'),
(56, 'Georgian', 'ka'),
(57, 'Kazakh', 'kk'),
(58, 'Greenlandic', 'kl'),
(59, 'Cambodian', 'km'),
(60, 'Kannada', 'kn'),
(61, 'Korean', 'ko'),
(62, 'Kashmiri', 'ks'),
(63, 'Kurdish', 'ku'),
(64, 'Kirghiz', 'ky'),
(65, 'Latin', 'la'),
(66, 'Lingala', 'ln'),
(67, 'Laothian', 'lo'),
(68, 'Lithuanian', 'lt'),
(69, 'Latvian/Lettish', 'lv'),
(70, 'Malagasy', 'mg'),
(71, 'Maori', 'mi'),
(72, 'Macedonian', 'mk'),
(73, 'Malayalam', 'ml'),
(74, 'Mongolian', 'mn'),
(75, 'Moldavian', 'mo'),
(76, 'Marathi', 'mr'),
(77, 'Malay', 'ms'),
(78, 'Maltese', 'mt'),
(79, 'Burmese', 'my'),
(80, 'Nauru', 'na'),
(81, 'Nepali', 'ne'),
(82, 'Dutch', 'nl'),
(83, 'Norwegian', 'no'),
(84, 'Occitan', 'oc'),
(85, '(Afan)/Oromoor/Oriya', 'om'),
(86, 'Punjabi', 'pa'),
(87, 'Polish', 'pl'),
(88, 'Pashto/Pushto', 'ps'),
(89, 'Portuguese', 'pt'),
(90, 'Quechua', 'qu'),
(91, 'Rhaeto-Romance', 'rm'),
(92, 'Kirundi', 'rn'),
(93, 'Romanian', 'ro'),
(94, 'Russian', 'ru'),
(95, 'Kinyarwanda', 'rw'),
(96, 'Sanskrit', 'sa'),
(97, 'Sindhi', 'sd'),
(98, 'Sangro', 'sg'),
(99, 'Serbo-Croatian', 'sh'),
(100, 'Singhalese', 'si'),
(101, 'Slovak', 'sk'),
(102, 'Slovenian', 'sl'),
(103, 'Samoan', 'sm'),
(104, 'Shona', 'sn'),
(105, 'Somali', 'so'),
(106, 'Albanian', 'sq'),
(107, 'Serbian', 'sr'),
(108, 'Siswati', 'ss'),
(109, 'Sesotho', 'st'),
(110, 'Sundanese', 'su'),
(111, 'Swedish', 'sv'),
(112, 'Swahili', 'sw'),
(113, 'Tamil', 'ta'),
(114, 'Telugu', 'te'),
(115, 'Tajik', 'tg'),
(116, 'Thai', 'th'),
(117, 'Tigrinya', 'ti'),
(118, 'Turkmen', 'tk'),
(119, 'Tagalog', 'tl'),
(120, 'Setswana', 'tn'),
(121, 'Tonga', 'to'),
(122, 'Turkish', 'tr'),
(123, 'Tsonga', 'ts'),
(124, 'Tatar', 'tt'),
(125, 'Twi', 'tw'),
(126, 'Ukrainian', 'uk'),
(127, 'Urdu', 'ur'),
(128, 'Uzbek', 'uz'),
(129, 'Vietnamese', 'vi'),
(130, 'Volapuk', 'vo'),
(131, 'Wolof', 'wo'),
(132, 'Xhosa', 'xh'),
(133, 'Yoruba', 'yo'),
(134, 'Chinese', 'zh'),
(135, 'Zulu', 'zu');

-- --------------------------------------------------------

--
-- Table structure for table `languages_known`
--

CREATE TABLE `languages_known` (
  `id` int(1) NOT NULL,
  `language` varchar(15) NOT NULL
) ENGINE=InnoDB DEFAULT CHARSET=utf8mb4;

--
-- Dumping data for table `languages_known`
--

INSERT INTO `languages_known` (`id`, `language`) VALUES
(1, 'English'),
(2, 'Hindi'),
(3, 'French'),
(5, 'Malayalam'),
(6, 'Arabic'),
(7, 'Tamil');

-- --------------------------------------------------------

--
-- Table structure for table `locations`
--

CREATE TABLE `locations` (
  `id` int(11) NOT NULL,
  `latitude` varchar(20) COLLATE utf8_unicode_ci NOT NULL,
  `longitude` varchar(20) COLLATE utf8_unicode_ci NOT NULL,
  `name` varchar(100) COLLATE utf8_unicode_ci NOT NULL,
  `info` varchar(255) COLLATE utf8_unicode_ci NOT NULL,
  `email` varchar(50) COLLATE utf8_unicode_ci NOT NULL,
  `contact` varchar(50) COLLATE utf8_unicode_ci NOT NULL
) ENGINE=InnoDB DEFAULT CHARSET=utf8 COLLATE=utf8_unicode_ci;

--
-- Dumping data for table `locations`
--

INSERT INTO `locations` (`id`, `latitude`, `longitude`, `name`, `info`, `email`, `contact`) VALUES
(1, '10.000067', '76.3025273', 'Kaloor', '1st Floor, Lucky Star Building,Near KTC Parcel Service,<br> Market Road, PIN - 682031, Ernakulam.', 'malayalikaloor@gmail.com', '9562124578'),
(2, '9.991771', '76.2838715', 'Kacherypadi', '1st Floor, Morning Star Building,Opp.Excise Office,<br> Kacheripady Jn.,PIN- 682018 Ernakulam.', 'malayalikachery@gmail.com', '9562152111'),
(3, '10.0261', '76.3125', 'Edappalli', '1st Floor, Morning Star Building,Opp.Excise Office, <br>Kacheripady Jn.,PIN- 682018 Ernakulam.', 'malayaliedappalli@gmail.com', '9562159322');

-- --------------------------------------------------------

--
-- Table structure for table `login_attempts`
--

CREATE TABLE `login_attempts` (
  `id` int(11) UNSIGNED NOT NULL,
  `ip_address` varchar(45) NOT NULL,
  `login` varchar(100) NOT NULL,
  `time` int(11) UNSIGNED DEFAULT NULL
) ENGINE=InnoDB DEFAULT CHARSET=utf8;

--
-- Dumping data for table `login_attempts`
--

INSERT INTO `login_attempts` (`id`, `ip_address`, `login`, `time`) VALUES
(4828, '::1', 'sadf', 1617778097),
(4829, '::1', 'sadf', 1617778097),
(4830, '::1', 'sadf', 1617778097);

-- --------------------------------------------------------

--
-- Table structure for table `marital_status`
--

CREATE TABLE `marital_status` (
  `marital_status_id` int(1) NOT NULL,
  `marital_status` varchar(15) NOT NULL
) ENGINE=InnoDB DEFAULT CHARSET=utf8mb4;

--
-- Dumping data for table `marital_status`
--

INSERT INTO `marital_status` (`marital_status_id`, `marital_status`) VALUES
(1, 'single'),
(2, 'divorsed'),
(3, 'separated'),
(4, 'widowed');

-- --------------------------------------------------------

--
-- Table structure for table `oneall_user`
--

CREATE TABLE `oneall_user` (
  `id` int(10) UNSIGNED NOT NULL,
  `user_id` int(10) NOT NULL,
  `user_token` char(36) NOT NULL
) ENGINE=InnoDB DEFAULT CHARSET=utf8mb4;

--
-- Dumping data for table `oneall_user`
--

INSERT INTO `oneall_user` (`id`, `user_id`, `user_token`) VALUES
(10021, 12012, '515fc353-8716-47e7-a731-c2f09be04cf2'),
(10022, 19279, '13bac761-ab74-4c45-a23e-aabd3e8c2e5c');

-- --------------------------------------------------------

--
-- Table structure for table `operationstatus`
--

CREATE TABLE `operationstatus` (
  `opr_status_id` int(1) NOT NULL,
  `web_id` int(8) NOT NULL,
  `status` enum('block','fake','interest','meeting','engagement','full settled','later') NOT NULL,
  `date` date NOT NULL,
  `reminder_date` date NOT NULL,
  `reminder_time` varchar(20) NOT NULL,
  `template_id` int(4) NOT NULL,
  `feedback` varchar(100) NOT NULL
) ENGINE=InnoDB DEFAULT CHARSET=utf8mb4;

--
-- Dumping data for table `operationstatus`
--

INSERT INTO `operationstatus` (`opr_status_id`, `web_id`, `status`, `date`, `reminder_date`, `reminder_time`, `template_id`, `feedback`) VALUES
(1, 1435, 'block', '2020-11-20', '2020-11-19', '', 0, 'ytjhyfd'),
(2, 1414, 'interest', '2021-01-05', '0000-00-00', '', 0, ''),
(3, 3005, 'interest', '2020-12-01', '0000-00-00', '', 0, ''),
(4, 3306, 'interest', '2021-01-05', '2021-01-05', '', 0, ''),
(5, 3299, 'interest', '2021-01-05', '2021-01-05', '', 1, ''),
(6, 3368, 'later', '2021-01-26', '2021-01-27', '', 0, '');

-- --------------------------------------------------------

--
-- Table structure for table `packages`
--

CREATE TABLE `packages` (
  `id` int(20) NOT NULL,
  `title` varchar(70) NOT NULL,
  `duration` int(4) NOT NULL,
  `amount` int(10) NOT NULL,
  `renewal_amount` int(10) NOT NULL,
  `created` date NOT NULL,
  `expired` date NOT NULL,
  `status` tinyint(1) NOT NULL,
  `short_key` varchar(3) NOT NULL
) ENGINE=InnoDB DEFAULT CHARSET=utf8mb4;

--
-- Dumping data for table `packages`
--

INSERT INTO `packages` (`id`, `title`, `duration`, `amount`, `renewal_amount`, `created`, `expired`, `status`, `short_key`) VALUES
(1, 'Online Gold', 3, 3000, 3000, '0000-00-00', '0000-00-00', 1, 'O G'),
(2, 'Online Gold plus', 6, 5000, 6000, '0000-00-00', '0000-00-00', 1, 'OGP'),
(3, 'Online Diamond', 12, 7500, 6000, '0000-00-00', '0000-00-00', 1, 'O D'),
(4, 'Online Platinum', 1000, 20000, 10000, '0000-00-00', '0000-00-00', 1, 'O P'),
(5, 'Personalised Gold', 3, 3000, 2500, '0000-00-00', '0000-00-00', 1, 'P G'),
(6, 'Personalised Gold plus', 6, 5000, 5000, '0000-00-00', '0000-00-00', 1, 'PGP'),
(7, 'Personalised Diamond', 12, 7500, 6000, '0000-00-00', '0000-00-00', 1, 'P D'),
(8, 'Personalised Platinum', 1000, 20000, 10000, '0000-00-00', '0000-00-00', 1, 'P P'),
(9, 'Elite Gold', 3, 3000, 25000, '0000-00-00', '0000-00-00', 1, 'E G'),
(10, 'Elite Gold plus', 6, 5000, 50000, '0000-00-00', '0000-00-00', 1, 'EGP'),
(11, 'Elite Diamond', 12, 7500, 50000, '0000-00-00', '0000-00-00', 1, 'E D'),
(12, 'Elite Platinum', 1000, 20000, 50000, '0000-00-00', '0000-00-00', 1, 'E P'),
(13, 'FREE', 1000, 0, 0, '2020-08-14', '0000-00-00', 1, 'F'),
(14, 'Highlighter', 1000, 1500, 1500, '2021-04-13', '2021-04-30', 1, 'HP'),
(15, 'Astro Match', 1000, 700, 700, '2021-04-13', '2021-04-30', 1, 'AM'),
(16, 'Top Placement', 1000, 1300, 1300, '2021-04-13', '2021-04-30', 1, 'TP');

-- --------------------------------------------------------

--
-- Table structure for table `partner_prefferences`
--

CREATE TABLE `partner_prefferences` (
  `id` int(4) NOT NULL,
  `web_id` int(10) NOT NULL,
  `age_from` int(4) DEFAULT NULL,
  `age_to` int(4) DEFAULT NULL,
  `height_from` int(4) DEFAULT NULL,
  `height_to` int(4) DEFAULT NULL,
  `body_type_id` varchar(100) DEFAULT NULL,
  `complexion_id` varchar(100) DEFAULT NULL,
  `mother_toungue_id` varchar(100) DEFAULT NULL,
  `marital_status_id` varchar(100) DEFAULT NULL,
  `religion_id` varchar(100) DEFAULT NULL,
  `cast_id` varchar(100) DEFAULT NULL,
  `star_id` varchar(100) DEFAULT NULL,
  `jathakam_id` varchar(100) DEFAULT NULL,
  `sub_cast` varchar(50) NOT NULL,
  `diet_id` varchar(100) DEFAULT NULL,
  `h_education_id` varchar(100) DEFAULT NULL,
  `edu_cat` varchar(100) NOT NULL,
  `job_cat` varchar(100) NOT NULL,
  `employedin_id` varchar(100) DEFAULT NULL,
  `job_title_id` varchar(100) DEFAULT NULL,
  `country_id` varchar(100) DEFAULT NULL,
  `state_id` varchar(100) DEFAULT NULL,
  `district_id` varchar(100) DEFAULT NULL,
  `drinking_id` varchar(100) DEFAULT NULL,
  `smoking_id` varchar(100) DEFAULT NULL,
  `physical_status_id` varchar(100) DEFAULT NULL,
  `family_status_id` varchar(100) DEFAULT NULL,
  `income_id` varchar(100) DEFAULT NULL,
  `family_value_id` varchar(100) DEFAULT NULL,
  `eating_id` varchar(100) DEFAULT NULL,
  `looking_for` varchar(500) NOT NULL
) ENGINE=InnoDB DEFAULT CHARSET=utf8mb4;

--
-- Dumping data for table `partner_prefferences`
--

INSERT INTO `partner_prefferences` (`id`, `web_id`, `age_from`, `age_to`, `height_from`, `height_to`, `body_type_id`, `complexion_id`, `mother_toungue_id`, `marital_status_id`, `religion_id`, `cast_id`, `star_id`, `jathakam_id`, `sub_cast`, `diet_id`, `h_education_id`, `edu_cat`, `job_cat`, `employedin_id`, `job_title_id`, `country_id`, `state_id`, `district_id`, `drinking_id`, `smoking_id`, `physical_status_id`, `family_status_id`, `income_id`, `family_value_id`, `eating_id`, `looking_for`) VALUES
(3, 1019, 18, 23, 128, 134, '2,3,', '2,3,4,', NULL, '2,3,', '2', '20,21,22,', '2,4,5,', '2,3,4,', 'mappila', NULL, '1,2', '2,3,', '1,2,7,', NULL, '1,5,', '1', '18', '274,275,276,', NULL, NULL, '1,2,', '2,4,', NULL, NULL, NULL, 'asdfghjkl;/'),
(4, 1019, NULL, NULL, NULL, NULL, NULL, NULL, NULL, NULL, '1', '40,41,', '2,4,', '3,4,', 'mappila', NULL, NULL, '', '', NULL, NULL, '1', '18', '274,275,276,', NULL, NULL, NULL, NULL, NULL, NULL, NULL, ''),
(5, 1019, NULL, NULL, NULL, NULL, NULL, NULL, NULL, NULL, NULL, NULL, NULL, NULL, '', NULL, '1,2,3,', '2,3,', '1,2,7,', NULL, '1,5,', NULL, NULL, NULL, NULL, NULL, NULL, NULL, NULL, NULL, NULL, ''),
(6, 1019, NULL, NULL, NULL, NULL, NULL, NULL, NULL, NULL, NULL, NULL, NULL, NULL, '', NULL, '1,2,3,', '2,3,', '1,2,7,', NULL, '1,5,', NULL, NULL, NULL, NULL, NULL, NULL, NULL, NULL, NULL, NULL, '');

-- --------------------------------------------------------

--
-- Table structure for table `physical_status`
--

CREATE TABLE `physical_status` (
  `physical_status_id` int(1) NOT NULL,
  `physical_status` varchar(20) NOT NULL
) ENGINE=InnoDB DEFAULT CHARSET=utf8mb4;

--
-- Dumping data for table `physical_status`
--

INSERT INTO `physical_status` (`physical_status_id`, `physical_status`) VALUES
(1, 'Normal'),
(2, 'Handicapped');

-- --------------------------------------------------------

--
-- Table structure for table `prefferences`
--

CREATE TABLE `prefferences` (
  `pref_id` int(4) NOT NULL,
  `staff_id` int(4) NOT NULL,
  `pref_status` varchar(100) NOT NULL,
  `pref_religion` varchar(100) NOT NULL,
  `pref_district` varchar(100) NOT NULL,
  `pref_gender` varchar(100) NOT NULL,
  `pref_agefrom` int(11) NOT NULL,
  `pref_ageto` int(11) NOT NULL,
  `pref_workcountry` varchar(100) NOT NULL,
  `pref_education_id` varchar(100) NOT NULL,
  `pref_job_id` varchar(100) NOT NULL,
  `pref_marital_status` varchar(100) NOT NULL,
  `parent_user_id` int(11) NOT NULL,
  `designation` int(11) NOT NULL
) ENGINE=InnoDB DEFAULT CHARSET=utf8mb4;

--
-- Dumping data for table `prefferences`
--

INSERT INTO `prefferences` (`pref_id`, `staff_id`, `pref_status`, `pref_religion`, `pref_district`, `pref_gender`, `pref_agefrom`, `pref_ageto`, `pref_workcountry`, `pref_education_id`, `pref_job_id`, `pref_marital_status`, `parent_user_id`, `designation`) VALUES
(1, 1457, '0', '0', '0', '0', 0, 0, '0', '0', '0', '0', 0, 0),
(2, 2414, '2', '3', '276', '2', 20, 30, '1', '1', '1', '1', 0, 0),
(3, 2420, '3', '1', '274', '1', 23, 28, '0', '10', '8', '1', 2414, 3),
(4, 2426, '3', '1', '275', '1', 23, 30, '1', '2', '2', '1', 0, 0),
(5, 2442, '4', '2', '275', '1', 23, 27, '1', '2', '6', '1', 0, 0),
(6, 2583, '3', '3', '275', '2', 25, 28, '1', '4', '7', '1', 0, 0),
(7, 2654, '1', '1', '276', '0', 19, 19, '3', '5', '2', '1', 0, 0),
(8, 2657, '1', '1', '275', '1', 0, 0, '0', '0', '0', '1', 0, 0),
(9, 2825, '1', '1', '0', '0', 23, 28, '99', '2', '5', '1', 0, 0),
(10, 2828, '1', '1', '275', '1', 23, 28, '99', '1', '2', '1', 0, 0),
(11, 2947, '1', '1', '275', '2', 25, 29, '99', '0', '1', '1', 0, 0),
(12, 3311, '5', '2', '278', '1', 18, 32, '99', '9', '8', '1', 1, 4),
(13, 3312, '4', '3', '279', '2', 18, 33, '1', '3', '7', '1', 3311, 5),
(14, 3328, '\"3\"', '\"1\"', '\"284\"', '\"2\"', 26, 29, '\"99,129\"', '\"2\"', '\"15\"', '\"1\"', 1, 2),
(15, 3327, '\"3,7\"', '\"4\"', '\"277,283\"', '\"\"', 20, 33, '\"1\"', '\"\"', '\"3,4\"', '\"3\"', 1, 6);

-- --------------------------------------------------------

--
-- Table structure for table `profilefor`
--

CREATE TABLE `profilefor` (
  `profilefor_id` int(1) NOT NULL,
  `profilefor` varchar(14) NOT NULL
) ENGINE=InnoDB DEFAULT CHARSET=utf8mb4;

--
-- Dumping data for table `profilefor`
--

INSERT INTO `profilefor` (`profilefor_id`, `profilefor`) VALUES
(1, 'My Self'),
(2, 'daughter'),
(3, 'Son'),
(4, 'sister'),
(5, 'brother'),
(6, 'relative'),
(7, 'friend');

-- --------------------------------------------------------

--
-- Table structure for table `rassi`
--

CREATE TABLE `rassi` (
  `rassi_id` int(1) NOT NULL,
  `rassi` varchar(20) NOT NULL
) ENGINE=InnoDB DEFAULT CHARSET=utf8mb4;

--
-- Dumping data for table `rassi`
--

INSERT INTO `rassi` (`rassi_id`, `rassi`) VALUES
(1, 'chingamrassi'),
(2, 'dhanurassi'),
(3, 'edavam rassi'),
(4, 'kanni rassi'),
(5, 'karkadakam rassi'),
(6, 'kumbham rassi'),
(7, 'makaram rassi'),
(8, 'medam rassi'),
(9, 'midhunam rassi'),
(10, 'minam rassi'),
(11, 'tulam rassi'),
(12, 'vrushchikam rassi'),
(13, 'Not specified');

-- --------------------------------------------------------

--
-- Table structure for table `register`
--

CREATE TABLE `register` (
  `reg_id` int(7) NOT NULL,
  `web_id` int(10) NOT NULL,
  `profilefor_id` int(1) DEFAULT NULL,
  `gender_id` int(1) DEFAULT NULL,
  `dob` date DEFAULT NULL,
  `mothertoungue_id` int(2) DEFAULT NULL,
  `religion_id` int(1) DEFAULT NULL,
  `cast_id` int(1) DEFAULT NULL,
  `sub_cast` varchar(20) DEFAULT NULL,
  `cast_bar` varchar(11) DEFAULT NULL,
  `religion_area_id` varchar(50) NOT NULL,
  `religion_requirement` varchar(100) NOT NULL,
  `country_code` varchar(6) DEFAULT NULL,
  `marital_status_id` int(1) DEFAULT NULL,
  `height` int(5) DEFAULT NULL,
  `physical_status_id` int(1) DEFAULT NULL,
  `country_living_id` int(3) DEFAULT NULL,
  `star_id` int(2) DEFAULT NULL,
  `rassi_id` int(2) DEFAULT NULL,
  `jathakam_id` int(1) DEFAULT NULL,
  `native_place` varchar(20) DEFAULT NULL,
  `landline` varchar(15) DEFAULT NULL,
  `whatsapp` varchar(20) DEFAULT NULL,
  `preffered_cont_type_id` int(1) DEFAULT NULL,
  `contact_time` int(2) DEFAULT NULL,
  `contact_name` varchar(50) DEFAULT NULL,
  `presnt_address` varchar(100) NOT NULL,
  `permnt_address` varchar(100) NOT NULL,
  `comm_address` varchar(100) NOT NULL,
  `route_recidence` varchar(100) NOT NULL,
  `reci_landline` varchar(50) NOT NULL,
  `reci_mobile` varchar(50) NOT NULL,
  `reci_whatsapp` varchar(50) NOT NULL,
  `reci_relation_candinate` varchar(50) NOT NULL,
  `reci_contact_time` varchar(50) NOT NULL,
  `p_housename` varchar(100) DEFAULT NULL,
  `p_country_id` int(3) DEFAULT NULL,
  `p_state_id` int(2) DEFAULT NULL,
  `p_city` varchar(20) DEFAULT NULL,
  `p_district_id` int(2) DEFAULT NULL,
  `p_street` varchar(20) DEFAULT NULL,
  `p_landmark` varchar(50) DEFAULT NULL,
  `p_pincode` int(10) DEFAULT NULL,
  `c_housename` text DEFAULT NULL,
  `c_country_id` int(3) DEFAULT NULL,
  `c_state_id` int(2) DEFAULT NULL,
  `c_city` varchar(20) DEFAULT NULL,
  `c_district_id` int(3) DEFAULT NULL,
  `location` varchar(20) NOT NULL,
  `c_street` varchar(20) DEFAULT NULL,
  `c_landmark` varchar(50) DEFAULT NULL,
  `c_pincode` int(10) DEFAULT NULL,
  `aboutme` text DEFAULT NULL,
  `edu_cat_id` int(11) NOT NULL,
  `highest_education_id` int(2) DEFAULT NULL,
  `education_details` text DEFAULT NULL,
  `education_addition` varchar(50) NOT NULL,
  `unversity` varchar(20) DEFAULT NULL,
  `cource` varchar(100) DEFAULT NULL,
  `year` int(4) DEFAULT NULL,
  `employedin_id` int(1) DEFAULT NULL,
  `job_cat_id` int(11) NOT NULL,
  `jobtitle_id` int(4) DEFAULT NULL,
  `pro_career` int(11) NOT NULL,
  `company_name` varchar(40) DEFAULT NULL,
  `work_country` int(3) DEFAULT NULL,
  `work_state` int(3) DEFAULT NULL,
  `work_district` int(3) DEFAULT NULL,
  `work_city` varchar(50) NOT NULL,
  `income_id` int(2) DEFAULT NULL,
  `father_name` varchar(20) DEFAULT NULL,
  `father_familyname` varchar(40) DEFAULT NULL,
  `father_edu_cat` int(3) DEFAULT NULL,
  `father_ancestary_name` varchar(30) DEFAULT NULL,
  `father_nativeplace` varchar(20) DEFAULT NULL,
  `mother_name` varchar(20) DEFAULT NULL,
  `mother_familyname` varchar(50) DEFAULT NULL,
  `mother_edu_cat` int(3) DEFAULT NULL,
  `mother_ancestary_name` varchar(35) DEFAULT NULL,
  `mother_nativeplace` varchar(25) DEFAULT NULL,
  `mother_employedin_id` int(1) DEFAULT NULL,
  `mother_job_cat` int(11) NOT NULL,
  `mother_job` int(3) DEFAULT NULL,
  `father_employedin_id` int(1) DEFAULT NULL,
  `father_job_cat` int(11) NOT NULL,
  `father_job` int(3) DEFAULT NULL,
  `no_of_brothers_unmarried` int(2) DEFAULT NULL,
  `no_of_brothersmarried` int(2) DEFAULT NULL,
  `no_of_sisters_unmarried` int(2) DEFAULT NULL,
  `no_of_sistersmarried` int(2) DEFAULT NULL,
  `no_of_child` int(11) NOT NULL,
  `parents_mobile_number` varchar(20) DEFAULT NULL,
  `family_type_id` int(1) DEFAULT NULL,
  `family_status_id` int(1) DEFAULT NULL,
  `family_value_id` int(2) DEFAULT NULL,
  `guardian` varchar(50) NOT NULL,
  `profile_sibling` varchar(50) NOT NULL,
  `family_mother_tongue` int(11) NOT NULL,
  `aboutfamily` text DEFAULT NULL,
  `complexion_id` int(1) DEFAULT NULL,
  `body_type_id` int(1) DEFAULT NULL,
  `weight` varchar(10) DEFAULT NULL,
  `bloodgroup_id` int(1) DEFAULT NULL,
  `assets` varchar(40) DEFAULT NULL,
  `language_known` varchar(50) DEFAULT NULL,
  `drinking_id` int(1) DEFAULT NULL,
  `smoking_id` int(1) DEFAULT NULL,
  `diet_id` int(1) DEFAULT NULL,
  `eating_id` int(1) DEFAULT NULL,
  `hobbies` varchar(50) DEFAULT NULL,
  `interests` varchar(50) DEFAULT NULL,
  `blog` varchar(50) NOT NULL,
  `othe_social` varchar(50) NOT NULL,
  `facebook` varchar(50) NOT NULL,
  `adhar_no` varchar(50) NOT NULL,
  `registration_status` int(1) DEFAULT NULL,
  `date` date DEFAULT NULL,
  `varification_status` tinyint(1) DEFAULT NULL,
  `profile_view` tinyint(4) DEFAULT NULL,
  `matching` tinyint(4) DEFAULT NULL,
  `staff_service` tinyint(4) DEFAULT NULL
) ENGINE=InnoDB DEFAULT CHARSET=utf8mb4;

--
-- Dumping data for table `register`
--

INSERT INTO `register` (`reg_id`, `web_id`, `profilefor_id`, `gender_id`, `dob`, `mothertoungue_id`, `religion_id`, `cast_id`, `sub_cast`, `cast_bar`, `religion_area_id`, `religion_requirement`, `country_code`, `marital_status_id`, `height`, `physical_status_id`, `country_living_id`, `star_id`, `rassi_id`, `jathakam_id`, `native_place`, `landline`, `whatsapp`, `preffered_cont_type_id`, `contact_time`, `contact_name`, `presnt_address`, `permnt_address`, `comm_address`, `route_recidence`, `reci_landline`, `reci_mobile`, `reci_whatsapp`, `reci_relation_candinate`, `reci_contact_time`, `p_housename`, `p_country_id`, `p_state_id`, `p_city`, `p_district_id`, `p_street`, `p_landmark`, `p_pincode`, `c_housename`, `c_country_id`, `c_state_id`, `c_city`, `c_district_id`, `location`, `c_street`, `c_landmark`, `c_pincode`, `aboutme`, `edu_cat_id`, `highest_education_id`, `education_details`, `education_addition`, `unversity`, `cource`, `year`, `employedin_id`, `job_cat_id`, `jobtitle_id`, `pro_career`, `company_name`, `work_country`, `work_state`, `work_district`, `work_city`, `income_id`, `father_name`, `father_familyname`, `father_edu_cat`, `father_ancestary_name`, `father_nativeplace`, `mother_name`, `mother_familyname`, `mother_edu_cat`, `mother_ancestary_name`, `mother_nativeplace`, `mother_employedin_id`, `mother_job_cat`, `mother_job`, `father_employedin_id`, `father_job_cat`, `father_job`, `no_of_brothers_unmarried`, `no_of_brothersmarried`, `no_of_sisters_unmarried`, `no_of_sistersmarried`, `no_of_child`, `parents_mobile_number`, `family_type_id`, `family_status_id`, `family_value_id`, `guardian`, `profile_sibling`, `family_mother_tongue`, `aboutfamily`, `complexion_id`, `body_type_id`, `weight`, `bloodgroup_id`, `assets`, `language_known`, `drinking_id`, `smoking_id`, `diet_id`, `eating_id`, `hobbies`, `interests`, `blog`, `othe_social`, `facebook`, `adhar_no`, `registration_status`, `date`, `varification_status`, `profile_view`, `matching`, `staff_service`) VALUES
(62, 1017, 1, 1, '2002-12-31', 73, 3, 193, NULL, NULL, '', '', '91', NULL, NULL, NULL, NULL, NULL, NULL, NULL, NULL, NULL, NULL, NULL, NULL, NULL, '', '', '', '', '', '', '', '', '', NULL, 1, 18, NULL, 282, NULL, NULL, NULL, NULL, 1, 18, NULL, 283, 'Kerala-Malappuram', NULL, NULL, NULL, NULL, 0, NULL, NULL, '', NULL, NULL, NULL, NULL, 0, 0, 0, NULL, NULL, NULL, NULL, '', NULL, NULL, NULL, NULL, NULL, NULL, NULL, NULL, NULL, NULL, NULL, NULL, 0, NULL, NULL, 0, NULL, NULL, NULL, NULL, NULL, 0, NULL, NULL, NULL, NULL, '', '', 0, NULL, NULL, NULL, NULL, NULL, NULL, NULL, NULL, NULL, NULL, NULL, NULL, NULL, '', '', '', '', 2, NULL, 0, NULL, NULL, NULL),
(63, 1018, 2, 2, '2002-12-31', 73, 2, 29, NULL, NULL, '', '', '91', NULL, NULL, NULL, NULL, NULL, NULL, NULL, NULL, NULL, NULL, NULL, NULL, NULL, '', '', '', '', '', '', '', '', '', NULL, 1, 18, NULL, 283, NULL, NULL, NULL, NULL, 1, 18, NULL, 283, 'Kerala-Palakkad', NULL, NULL, NULL, NULL, 3, 3, '2', 'wqe', NULL, NULL, NULL, 6, 2, 2, 0, NULL, 2, 3, 3, '', 4, NULL, NULL, NULL, NULL, NULL, NULL, NULL, NULL, NULL, NULL, NULL, 0, NULL, NULL, 0, NULL, NULL, NULL, NULL, NULL, 0, NULL, NULL, NULL, NULL, '', '', 0, NULL, NULL, NULL, NULL, NULL, NULL, NULL, NULL, NULL, NULL, NULL, NULL, NULL, '', '', '', '', 2, NULL, 0, NULL, NULL, NULL),
(64, 1019, 1, 1, '2002-12-31', 73, 3, 193, NULL, NULL, '', '', '91', 2, 124, 1, NULL, NULL, NULL, NULL, NULL, NULL, '9020201213', NULL, NULL, NULL, '', '', '', '', '', '', '', '', '', NULL, NULL, NULL, NULL, NULL, NULL, NULL, NULL, NULL, 1, 18, NULL, 282, 'Kerala-Malappuram', NULL, NULL, NULL, NULL, 2, 9, 'civil', 'photohop', NULL, NULL, NULL, NULL, 3, 3, 0, NULL, 1, 18, 278, 'manjery', 5, 'abdulrahman', 'marunnan', 2, NULL, 'randthani', 'sulaikha', 'kundattil', 2, NULL, 'karippol', NULL, 4, 4, NULL, 3, 3, 0, 2, 0, 4, 3, NULL, 0, 0, 0, '', '', 0, NULL, 3, 2, '70', 4, NULL, NULL, NULL, NULL, NULL, NULL, NULL, NULL, '', '', '', 'HGJHJGHJ56565', 2, NULL, 0, NULL, NULL, NULL);

-- --------------------------------------------------------

--
-- Table structure for table `religion`
--

CREATE TABLE `religion` (
  `religion_id` int(5) NOT NULL,
  `religion` varchar(20) NOT NULL
) ENGINE=InnoDB DEFAULT CHARSET=utf8mb4;

--
-- Dumping data for table `religion`
--

INSERT INTO `religion` (`religion_id`, `religion`) VALUES
(1, 'Hindu'),
(2, 'christian'),
(3, 'Muslim'),
(4, 'inter-religion'),
(5, 'no-religion'),
(6, 'other');

-- --------------------------------------------------------

--
-- Table structure for table `religion_area`
--

CREATE TABLE `religion_area` (
  `area_id` int(11) NOT NULL,
  `religion_area` varchar(50) NOT NULL
) ENGINE=InnoDB DEFAULT CHARSET=utf8mb4;

--
-- Dumping data for table `religion_area`
--

INSERT INTO `religion_area` (`area_id`, `religion_area`) VALUES
(1, 'Parish'),
(2, 'Edavaka'),
(3, 'SNDP'),
(4, 'NSS'),
(5, 'Mahal');

-- --------------------------------------------------------

--
-- Table structure for table `sliders`
--

CREATE TABLE `sliders` (
  `id` int(12) NOT NULL,
  `title` varchar(50) DEFAULT NULL,
  `img_name` varchar(50) DEFAULT NULL,
  `date` date DEFAULT NULL
) ENGINE=InnoDB DEFAULT CHARSET=latin1;

--
-- Dumping data for table `sliders`
--

INSERT INTO `sliders` (`id`, `title`, `img_name`, `date`) VALUES
(1, 'home 1', NULL, NULL),
(2, 'home 2', NULL, NULL),
(3, 'home 3', NULL, NULL),
(4, 'hindu home', NULL, NULL),
(5, 'cristian home', NULL, NULL),
(6, 'muslim home', NULL, NULL);

-- --------------------------------------------------------

--
-- Table structure for table `star`
--

CREATE TABLE `star` (
  `star_id` int(2) NOT NULL,
  `star` varchar(20) NOT NULL
) ENGINE=InnoDB DEFAULT CHARSET=utf8mb4;

--
-- Dumping data for table `star`
--

INSERT INTO `star` (`star_id`, `star`) VALUES
(1, 'anizham'),
(2, 'aswathy'),
(3, 'atham'),
(4, 'avittam'),
(5, 'ayilyam'),
(6, 'bharani'),
(7, 'chadayam'),
(8, 'chithira'),
(9, 'chothi'),
(10, 'karthika'),
(11, 'makam'),
(12, 'makayiram'),
(13, 'moolam'),
(14, 'pooradam'),
(15, 'pooram'),
(16, 'pooriruttathi'),
(17, 'pooyam'),
(18, 'punartham'),
(19, 'revathi'),
(20, 'rohini'),
(21, 'thiruvathira'),
(22, 'thiruvonam'),
(23, 'triketta'),
(24, 'uthradam'),
(25, 'uthram'),
(26, 'uthratathi'),
(27, 'vishakam'),
(28, 'Not Specified');

-- --------------------------------------------------------

--
-- Table structure for table `states`
--

CREATE TABLE `states` (
  `id` int(8) NOT NULL,
  `state` varchar(100) NOT NULL
) ENGINE=InnoDB DEFAULT CHARSET=latin1;

--
-- Dumping data for table `states`
--

INSERT INTO `states` (`id`, `state`) VALUES
(1, 'Andaman and Nicobar (AN)'),
(2, 'Andhra Pradesh (AP)'),
(3, 'Arunachal Pradesh (AR)'),
(4, 'Assam (AS)'),
(5, 'Bihar (BR)'),
(6, 'Chandigarh (CH)'),
(7, 'Chhattisgarh (CG)'),
(8, 'Dadra and Nagar Haveli (DN)'),
(9, 'Daman and Diu (DD)'),
(10, 'Delhi (DL)'),
(11, 'Goa (GA)'),
(12, 'Gujarat (GJ)'),
(13, 'Haryana (HR)'),
(14, 'Himachal Pradesh (HP)'),
(15, 'Jammu and Kashmir (JK)'),
(16, 'Jharkhand (JH)'),
(17, 'Karnataka (KA)'),
(18, 'Kerala (KL)'),
(19, 'Lakshdweep (LD)'),
(20, 'Madhya Pradesh (MP)'),
(21, 'Maharashtra (MH)'),
(22, 'Manipur (MN)'),
(23, 'Meghalaya (ML)'),
(24, 'Mizoram (MZ)'),
(25, 'Nagaland (NL)'),
(26, 'Odisha (OD)'),
(27, 'Puducherry (PY)'),
(28, 'Punjab (PB)'),
(29, 'Rajasthan (RJ)'),
(30, 'Sikkim (SK)'),
(31, 'Tamil Nadu (TN)'),
(32, 'Tripura (TR)'),
(33, 'Uttar Pradesh (UP)'),
(34, 'Uttarakhand (UK)'),
(35, 'West Bengal (WB)');

-- --------------------------------------------------------

--
-- Table structure for table `states_dist`
--

CREATE TABLE `states_dist` (
  `id` int(10) NOT NULL,
  `country_id` int(10) NOT NULL,
  `name` varchar(50) NOT NULL,
  `state` varchar(50) NOT NULL,
  `districts` varchar(50) NOT NULL
) ENGINE=InnoDB DEFAULT CHARSET=utf8mb4;

--
-- Dumping data for table `states_dist`
--

INSERT INTO `states_dist` (`id`, `country_id`, `name`, `state`, `districts`) VALUES
(1, 1, 'Kerala-Thiruvananthapuram', '18', '286'),
(2, 1, 'Kerala-Kollam', '18', '279'),
(3, 1, 'Kerala-Alappuzha', '18', '274'),
(4, 1, 'Kerala-Pathanamthitta', '18', '284'),
(5, 1, 'Kerala-Kottayam', '18', '280'),
(6, 1, 'Kerala-Idukki', '18', '276'),
(7, 1, 'Kerala-Ernakulam', '18', '275'),
(8, 1, 'Kerala-Thrissur', '18', '285'),
(9, 1, 'Kerala-Palakkad', '18', '283'),
(10, 1, 'Kerala-Malappuram', '18', '282'),
(11, 1, 'Kerala-Kozhikode', '18', '281'),
(12, 1, 'Kerala-Wayanadu', '18', '287'),
(13, 1, 'Kerala-Kannur', '18', '277'),
(14, 1, 'Kerala-Kasaragod', '18', '278'),
(15, 1, 'Andaman and Nicobar', '', ''),
(16, 1, 'Andhra Pradesh-Anantapur', '', 'Anantapur'),
(17, 1, 'Andhra Pradesh-Chittoor', '', 'Chittoor'),
(18, 1, 'Andhra Pradesh-East Godavari', '', 'East Godavari'),
(19, 1, 'Andhra Pradesh-Guntur', '', 'Guntur'),
(20, 1, 'Andhra Pradesh-Kadapa', '', 'Kadapa'),
(21, 1, 'Andhra Pradesh-Krishna', '', 'Krishna'),
(22, 1, 'Andhra Pradesh-Kurnool', '', 'Kurnool'),
(23, 1, 'Andhra Pradesh-Nellore', '', 'Nellore'),
(24, 1, 'Andhra Pradesh-Prakasam', '', 'Prakasam'),
(25, 1, 'Andhra Pradesh-Srikakulam', '', 'Srikakulam'),
(26, 1, 'Andhra Pradesh-Visakhapatnam', '', 'Visakhapatnam'),
(27, 1, 'Andhra Pradesh-Vizianagaram', '', 'Vizianagaram'),
(28, 1, 'Andhra Pradesh-West Godavari', '', 'West Godavari'),
(29, 1, 'Arunachal Pradesh', '', ''),
(30, 1, 'Assam', '', ''),
(31, 1, 'Bihar', '', ''),
(32, 1, 'Chandigarh', '', ''),
(33, 1, 'Chhattisgarh', '', ''),
(34, 1, 'Dadra and Nagar Haveli', '', ''),
(35, 1, 'Daman and Diu', '', ''),
(36, 1, 'Delhi', '', ''),
(37, 1, 'Goa ', '', ''),
(38, 1, 'Gujarat ', '', ''),
(39, 1, 'Haryana ', '', ''),
(40, 1, 'Himachal Pradesh', '', ''),
(41, 1, 'Jammu and Kashmir', '', ''),
(42, 1, 'Jharkhand', '', ''),
(43, 1, 'Karnataka,Bagalkot', '', ''),
(44, 1, 'Karnataka,Bangalore Urban', '', ''),
(45, 1, 'Karnataka,Bangalore Rural', '', ''),
(46, 1, 'Karnataka,Belgaum', '', ''),
(47, 1, 'Karnataka,Bellary', '', ''),
(48, 1, 'Karnataka,Bidar', '', ''),
(49, 1, 'Karnataka,Bijapur', '', ''),
(50, 1, 'Karnataka,Chamarajanagar', '', ''),
(51, 1, 'Karnataka,Chikballapur', '', ''),
(52, 1, 'Karnataka,Chikmagalur', '', ''),
(53, 1, 'Karnataka,Chitradurga', '', ''),
(54, 1, 'Karnataka,Dakshina Kannada', '', ''),
(55, 1, 'Karnataka,Davanagere', '', ''),
(56, 1, 'Karnataka,Dharwad', '', ''),
(57, 1, 'Karnataka,Gadag', '', ''),
(58, 1, 'Karnataka,Gulbarga', '', ''),
(59, 1, 'Karnataka,Hassan', '', ''),
(60, 1, 'Karnataka,Haveri', '', ''),
(61, 1, 'Karnataka,Kodagu', '', ''),
(62, 1, 'Karnataka,Kolar', '', ''),
(63, 1, 'Karnataka,Koppal', '', ''),
(64, 1, 'Karnataka,Mandya', '', ''),
(65, 1, 'Karnataka,Mysore', '', ''),
(66, 1, 'Karnataka,Raichur', '', ''),
(67, 1, 'Karnataka,Ramanagara', '', ''),
(68, 1, 'Karnataka,Shimoga', '', ''),
(69, 1, 'Karnataka,Tumkur', '', ''),
(70, 1, 'Karnataka,Udupi', '', ''),
(71, 1, 'Karnataka,Uttara Kannada', '', ''),
(72, 1, 'Karnataka,Vijayanagara', '', ''),
(73, 1, 'Karnataka,Yadgir', '', ''),
(74, 1, 'Lakshdweep', '', ''),
(75, 1, 'Madhya Pradesh', '', ''),
(76, 1, 'Maharashtra,Akola', '', ''),
(77, 1, 'Maharashtra,Akola', '', ''),
(78, 1, 'Maharashtra,Akola', '', ''),
(79, 1, 'Maharashtra,Akola', '', ''),
(80, 1, 'Maharashtra,Akola', '', ''),
(81, 1, 'Maharashtra,Akola', '', ''),
(82, 1, 'Maharashtra,Akola', '', ''),
(83, 1, 'Maharashtra,Akola', '', ''),
(84, 1, 'Maharashtra,Akola', '', ''),
(85, 1, 'Maharashtra,Akola', '', ''),
(86, 1, 'Maharashtra,Akola', '', ''),
(87, 1, 'Maharashtra,Akola', '', ''),
(88, 1, 'Maharashtra,Akola', '', ''),
(89, 1, 'Maharashtra,Akola', '', ''),
(90, 1, 'Maharashtra,Akola', '', ''),
(91, 1, 'Maharashtra,Akola', '', ''),
(92, 1, 'Maharashtra,Akola', '', ''),
(93, 1, 'Maharashtra,Akola', '', ''),
(94, 1, 'Maharashtra,Akola', '', ''),
(95, 1, 'Maharashtra,Akola', '', ''),
(96, 1, 'Maharashtra,Akola', '', ''),
(97, 1, 'Maharashtra,Akola', '', ''),
(98, 1, 'Maharashtra,Akola', '', ''),
(99, 1, 'Maharashtra,Akola', '', ''),
(100, 1, 'Maharashtra,Akola', '', ''),
(101, 1, 'Maharashtra,Akola', '', ''),
(102, 1, 'Maharashtra,Akola', '', ''),
(103, 1, 'Maharashtra,Akola', '', ''),
(104, 1, 'Maharashtra,Akola', '', ''),
(105, 1, 'Maharashtra,Akola', '', ''),
(106, 1, 'Maharashtra,Akola', '', ''),
(107, 1, 'Maharashtra,Akola', '', ''),
(108, 1, 'Maharashtra,Akola', '', ''),
(109, 1, 'Maharashtra,Akola', '', ''),
(110, 1, 'Maharashtra,Akola', '', ''),
(111, 1, 'Maharashtra,Akola', '', ''),
(112, 1, 'Manipur', '', ''),
(113, 1, 'Meghalaya', '', ''),
(114, 1, 'Mizoram', '', ''),
(115, 1, 'Nagaland', '', ''),
(116, 1, 'Odisha', '', ''),
(117, 1, 'Puducherry', '', ''),
(118, 1, 'Punjab', '', ''),
(119, 1, 'Rajasthan', '', ''),
(120, 1, 'Sikkim ', '', ''),
(121, 1, 'Tamil Nadu,Ariyalur', '', ''),
(122, 1, 'Tamil Nadu,Ariyalur', '', ''),
(123, 1, 'Tamil Nadu,Ariyalur', '', ''),
(124, 1, 'Tamil Nadu,Ariyalur', '', ''),
(125, 1, 'Tamil Nadu,Ariyalur', '', ''),
(126, 1, 'Tamil Nadu,Ariyalur', '', ''),
(127, 1, 'Tamil Nadu,Ariyalur', '', ''),
(128, 1, 'Tamil Nadu,Ariyalur', '', ''),
(129, 1, 'Tamil Nadu,Ariyalur', '', ''),
(130, 1, 'Tamil Nadu,Ariyalur', '', ''),
(131, 1, 'Tamil Nadu,Ariyalur', '', ''),
(132, 1, 'Tamil Nadu,Ariyalur', '', ''),
(133, 1, 'Tamil Nadu,Ariyalur', '', ''),
(134, 1, 'Tamil Nadu,Ariyalur', '', ''),
(135, 1, 'Tamil Nadu,Ariyalur', '', ''),
(136, 1, 'Tamil Nadu,Ariyalur', '', ''),
(137, 1, 'Tamil Nadu,Ariyalur', '', ''),
(138, 1, 'Tamil Nadu,Ariyalur', '', ''),
(139, 1, 'Tamil Nadu,Ariyalur', '', ''),
(140, 1, 'Tamil Nadu,Ariyalur', '', ''),
(141, 1, 'Tamil Nadu,Ariyalur', '', ''),
(142, 1, 'Tamil Nadu,Ariyalur', '', ''),
(143, 1, 'Tamil Nadu,Ariyalur', '', ''),
(144, 1, 'Tamil Nadu,Ariyalur', '', ''),
(145, 1, 'Tamil Nadu,Ariyalur', '', ''),
(146, 1, 'Tamil Nadu,Ariyalur', '', ''),
(147, 1, 'Tamil Nadu,Ariyalur', '', ''),
(148, 1, 'Tamil Nadu,Ariyalur', '', ''),
(149, 1, 'Tamil Nadu,Ariyalur', '', ''),
(150, 1, 'Tamil Nadu,Ariyalur', '', ''),
(151, 1, 'Tamil Nadu,Ariyalur', '', ''),
(152, 1, 'Tamil Nadu,Ariyalur', '', ''),
(153, 1, 'Tamil Nadu,Ariyalur', '', ''),
(154, 1, 'Tamil Nadu,Ariyalur', '', ''),
(155, 1, 'Tamil Nadu,Ariyalur', '', ''),
(156, 1, 'Tamil Nadu,Ariyalur', '', ''),
(157, 1, 'Tamil Nadu,Ariyalur', '', ''),
(158, 1, 'Tamil Nadu,Ariyalur', '', ''),
(159, 1, 'Tripura', '', ''),
(160, 1, 'Telangana,Adilabad', '', ''),
(161, 1, 'Telangana,Bhadradri Kothagudem', '', ''),
(162, 1, 'Telangana,Hyderabad', '', ''),
(163, 1, 'Telangana,Adilabad', '', ''),
(164, 1, 'Telangana,Adilabad', '', ''),
(165, 1, 'Telangana,Adilabad', '', ''),
(166, 1, 'Telangana,Adilabad', '', ''),
(167, 1, 'Telangana,Adilabad', '', ''),
(168, 1, 'Telangana,Adilabad', '', ''),
(169, 1, 'Telangana,Adilabad', '', ''),
(170, 1, 'Telangana,Adilabad', '', ''),
(171, 1, 'Telangana,Adilabad', '', ''),
(172, 1, 'Telangana,Adilabad', '', ''),
(173, 1, 'Telangana,Adilabad', '', ''),
(174, 1, 'Telangana,Adilabad', '', ''),
(175, 1, 'Telangana,Adilabad', '', ''),
(176, 1, 'Telangana,Adilabad', '', ''),
(177, 1, 'Telangana,Adilabad', '', ''),
(178, 1, 'Telangana,Adilabad', '', ''),
(179, 1, 'Telangana,Adilabad', '', ''),
(180, 1, 'Telangana,Adilabad', '', ''),
(181, 1, 'Telangana,Adilabad', '', ''),
(182, 1, 'Telangana,Adilabad', '', ''),
(183, 1, 'Telangana,Adilabad', '', ''),
(184, 1, 'Telangana,Adilabad', '', ''),
(185, 1, 'Telangana,Adilabad', '', ''),
(186, 1, 'Telangana,Adilabad', '', ''),
(187, 1, 'Telangana,Adilabad', '', ''),
(188, 1, 'Telangana,Adilabad', '', ''),
(189, 1, 'Telangana,Adilabad', '', ''),
(190, 1, 'Telangana,Adilabad', '', ''),
(191, 1, 'Telangana,Adilabad', '', ''),
(192, 1, 'Telangana,Adilabad', '', ''),
(193, 1, 'Uttar Pradesh', '', ''),
(194, 1, 'Uttarakhand', '', ''),
(195, 1, 'West Bengal', '', '');

-- --------------------------------------------------------

--
-- Table structure for table `template`
--

CREATE TABLE `template` (
  `template_id` int(4) NOT NULL,
  `template` text NOT NULL
) ENGINE=InnoDB DEFAULT CHARSET=utf8mb4;

--
-- Dumping data for table `template`
--

INSERT INTO `template` (`template_id`, `template`) VALUES
(1, '	jikij	'),
(2, '		abcd');

-- --------------------------------------------------------

--
-- Table structure for table `transaction`
--

CREATE TABLE `transaction` (
  `id` int(10) NOT NULL,
  `web_id` int(10) NOT NULL,
  `t_number` varchar(100) NOT NULL,
  `date` date NOT NULL,
  `amount` int(10) NOT NULL,
  `payment_method` varchar(50) NOT NULL,
  `note` varchar(100) NOT NULL
) ENGINE=InnoDB DEFAULT CHARSET=utf8mb4;

-- --------------------------------------------------------

--
-- Table structure for table `users`
--

CREATE TABLE `users` (
  `id` int(11) UNSIGNED NOT NULL,
  `ip_address` varchar(45) NOT NULL,
  `username` varchar(100) DEFAULT NULL,
  `password` varchar(255) NOT NULL,
  `email` varchar(254) DEFAULT NULL,
  `activation_selector` varchar(255) DEFAULT NULL,
  `activation_code` varchar(255) DEFAULT NULL,
  `forgotten_password_selector` varchar(255) DEFAULT NULL,
  `forgotten_password_code` varchar(255) DEFAULT NULL,
  `forgotten_password_time` int(11) UNSIGNED DEFAULT NULL,
  `remember_selector` varchar(255) DEFAULT NULL,
  `remember_code` varchar(255) DEFAULT NULL,
  `created_on` date NOT NULL,
  `last_login` date NOT NULL,
  `active` tinyint(1) UNSIGNED DEFAULT NULL,
  `first_name` varchar(50) DEFAULT NULL,
  `last_name` varchar(50) DEFAULT NULL,
  `company` int(100) DEFAULT NULL,
  `phone` varchar(20) DEFAULT NULL,
  `import` tinyint(4) NOT NULL,
  `import_pass` varchar(20) NOT NULL,
  `registered_by` int(11) NOT NULL DEFAULT 0
) ENGINE=InnoDB DEFAULT CHARSET=utf8;

--
-- Dumping data for table `users`
--

INSERT INTO `users` (`id`, `ip_address`, `username`, `password`, `email`, `activation_selector`, `activation_code`, `forgotten_password_selector`, `forgotten_password_code`, `forgotten_password_time`, `remember_selector`, `remember_code`, `created_on`, `last_login`, `active`, `first_name`, `last_name`, `company`, `phone`, `import`, `import_pass`, `registered_by`) VALUES
(1019, '', NULL, '$2y$10$xKxDvF/cJA5nHPeN6Smqi.5S3Kv4vKNWXp4i2Xck1zsCRQ928qA3q', 'user13.wahylab@gmail.com', NULL, NULL, NULL, NULL, NULL, NULL, NULL, '2021-06-12', '2021-06-14', 1, 'ASHKAR', NULL, NULL, '9562101213', 0, '', 0);

-- --------------------------------------------------------

--
-- Table structure for table `users_groups`
--

CREATE TABLE `users_groups` (
  `id` int(11) UNSIGNED NOT NULL,
  `user_id` int(11) UNSIGNED NOT NULL,
  `group_id` mediumint(8) UNSIGNED NOT NULL
) ENGINE=InnoDB DEFAULT CHARSET=utf8;

--
-- Dumping data for table `users_groups`
--

INSERT INTO `users_groups` (`id`, `user_id`, `group_id`) VALUES
(1, 1, 1),
(2, 1, 2),
(3, 1223, 3),
(4, 1245, 3),
(5, 1246, 3),
(6, 1247, 3),
(7, 1248, 3),
(8, 1314, 3),
(9, 1457, 3),
(10, 2414, 3),
(11, 2420, 3),
(12, 2426, 3),
(13, 2442, 3),
(14, 2583, 3),
(15, 2636, 3),
(16, 2654, 3),
(17, 2657, 3),
(18, 2825, 3),
(19, 2828, 3),
(20, 2947, 3),
(21, 3311, 3),
(22, 3312, 3),
(24, 3327, 3),
(23, 3328, 3);

--
-- Indexes for dumped tables
--

--
-- Indexes for table `activity`
--
ALTER TABLE `activity`
  ADD PRIMARY KEY (`id`);

--
-- Indexes for table `advartaise`
--
ALTER TABLE `advartaise`
  ADD PRIMARY KEY (`id`);

--
-- Indexes for table `assets`
--
ALTER TABLE `assets`
  ADD PRIMARY KEY (`assets_id`);

--
-- Indexes for table `assignto`
--
ALTER TABLE `assignto`
  ADD PRIMARY KEY (`id`);

--
-- Indexes for table `blood_group`
--
ALTER TABLE `blood_group`
  ADD PRIMARY KEY (`bloodgroup_id`);

--
-- Indexes for table `body_type`
--
ALTER TABLE `body_type`
  ADD PRIMARY KEY (`body_type_id`);

--
-- Indexes for table `cast`
--
ALTER TABLE `cast`
  ADD PRIMARY KEY (`cast_id`);

--
-- Indexes for table `company`
--
ALTER TABLE `company`
  ADD PRIMARY KEY (`company_id`);

--
-- Indexes for table `complexion`
--
ALTER TABLE `complexion`
  ADD PRIMARY KEY (`complexion_id`);

--
-- Indexes for table `contact_time`
--
ALTER TABLE `contact_time`
  ADD PRIMARY KEY (`contact_time_id`);

--
-- Indexes for table `contact_type`
--
ALTER TABLE `contact_type`
  ADD PRIMARY KEY (`contact_type_id`);

--
-- Indexes for table `country`
--
ALTER TABLE `country`
  ADD PRIMARY KEY (`id`);

--
-- Indexes for table `customer_package`
--
ALTER TABLE `customer_package`
  ADD PRIMARY KEY (`id`);

--
-- Indexes for table `designation`
--
ALTER TABLE `designation`
  ADD PRIMARY KEY (`desig_id`);

--
-- Indexes for table `diet`
--
ALTER TABLE `diet`
  ADD PRIMARY KEY (`diet_id`);

--
-- Indexes for table `districts`
--
ALTER TABLE `districts`
  ADD PRIMARY KEY (`id`);

--
-- Indexes for table `documents`
--
ALTER TABLE `documents`
  ADD PRIMARY KEY (`id`);

--
-- Indexes for table `eating_habbit`
--
ALTER TABLE `eating_habbit`
  ADD PRIMARY KEY (`eating_id`);

--
-- Indexes for table `education`
--
ALTER TABLE `education`
  ADD PRIMARY KEY (`education_id`);

--
-- Indexes for table `edu_category`
--
ALTER TABLE `edu_category`
  ADD PRIMARY KEY (`cat_id`);

--
-- Indexes for table `employed_in`
--
ALTER TABLE `employed_in`
  ADD PRIMARY KEY (`employedin_id`);

--
-- Indexes for table `facilities`
--
ALTER TABLE `facilities`
  ADD PRIMARY KEY (`id`);

--
-- Indexes for table `facility`
--
ALTER TABLE `facility`
  ADD PRIMARY KEY (`facility_id`);

--
-- Indexes for table `family_status`
--
ALTER TABLE `family_status`
  ADD PRIMARY KEY (`family_status_id`);

--
-- Indexes for table `family_type`
--
ALTER TABLE `family_type`
  ADD PRIMARY KEY (`family_type_id`);

--
-- Indexes for table `family_value`
--
ALTER TABLE `family_value`
  ADD PRIMARY KEY (`family_value_id`);

--
-- Indexes for table `faq`
--
ALTER TABLE `faq`
  ADD PRIMARY KEY (`id`);

--
-- Indexes for table `featured`
--
ALTER TABLE `featured`
  ADD PRIMARY KEY (`id`);

--
-- Indexes for table `gender`
--
ALTER TABLE `gender`
  ADD PRIMARY KEY (`gender_id`);

--
-- Indexes for table `groups`
--
ALTER TABLE `groups`
  ADD PRIMARY KEY (`id`);

--
-- Indexes for table `habbit_type`
--
ALTER TABLE `habbit_type`
  ADD PRIMARY KEY (`habbit_type_id`);

--
-- Indexes for table `happy_couples`
--
ALTER TABLE `happy_couples`
  ADD PRIMARY KEY (`id`);

--
-- Indexes for table `height`
--
ALTER TABLE `height`
  ADD PRIMARY KEY (`height_id`);

--
-- Indexes for table `hobbies`
--
ALTER TABLE `hobbies`
  ADD PRIMARY KEY (`hobby_id`);

--
-- Indexes for table `horoscope`
--
ALTER TABLE `horoscope`
  ADD PRIMARY KEY (`id`);

--
-- Indexes for table `income`
--
ALTER TABLE `income`
  ADD PRIMARY KEY (`income_id`);

--
-- Indexes for table `interest`
--
ALTER TABLE `interest`
  ADD PRIMARY KEY (`interest_id`);

--
-- Indexes for table `jathakam`
--
ALTER TABLE `jathakam`
  ADD PRIMARY KEY (`jathakam_id`);

--
-- Indexes for table `job`
--
ALTER TABLE `job`
  ADD PRIMARY KEY (`job_id`);

--
-- Indexes for table `job_category`
--
ALTER TABLE `job_category`
  ADD PRIMARY KEY (`job_cat_id`);

--
-- Indexes for table `languages`
--
ALTER TABLE `languages`
  ADD PRIMARY KEY (`id`);

--
-- Indexes for table `languages_known`
--
ALTER TABLE `languages_known`
  ADD PRIMARY KEY (`id`);

--
-- Indexes for table `locations`
--
ALTER TABLE `locations`
  ADD PRIMARY KEY (`id`);

--
-- Indexes for table `login_attempts`
--
ALTER TABLE `login_attempts`
  ADD PRIMARY KEY (`id`);

--
-- Indexes for table `marital_status`
--
ALTER TABLE `marital_status`
  ADD PRIMARY KEY (`marital_status_id`);

--
-- Indexes for table `oneall_user`
--
ALTER TABLE `oneall_user`
  ADD PRIMARY KEY (`id`),
  ADD UNIQUE KEY `user_link` (`id`,`user_token`),
  ADD UNIQUE KEY `user_token` (`user_token`);

--
-- Indexes for table `operationstatus`
--
ALTER TABLE `operationstatus`
  ADD PRIMARY KEY (`opr_status_id`);

--
-- Indexes for table `packages`
--
ALTER TABLE `packages`
  ADD PRIMARY KEY (`id`);

--
-- Indexes for table `partner_prefferences`
--
ALTER TABLE `partner_prefferences`
  ADD PRIMARY KEY (`id`);

--
-- Indexes for table `physical_status`
--
ALTER TABLE `physical_status`
  ADD PRIMARY KEY (`physical_status_id`);

--
-- Indexes for table `prefferences`
--
ALTER TABLE `prefferences`
  ADD PRIMARY KEY (`pref_id`);

--
-- Indexes for table `profilefor`
--
ALTER TABLE `profilefor`
  ADD PRIMARY KEY (`profilefor_id`);

--
-- Indexes for table `rassi`
--
ALTER TABLE `rassi`
  ADD PRIMARY KEY (`rassi_id`);

--
-- Indexes for table `register`
--
ALTER TABLE `register`
  ADD PRIMARY KEY (`reg_id`);

--
-- Indexes for table `religion`
--
ALTER TABLE `religion`
  ADD PRIMARY KEY (`religion_id`);

--
-- Indexes for table `religion_area`
--
ALTER TABLE `religion_area`
  ADD PRIMARY KEY (`area_id`);

--
-- Indexes for table `sliders`
--
ALTER TABLE `sliders`
  ADD PRIMARY KEY (`id`);

--
-- Indexes for table `star`
--
ALTER TABLE `star`
  ADD PRIMARY KEY (`star_id`);

--
-- Indexes for table `states`
--
ALTER TABLE `states`
  ADD PRIMARY KEY (`id`);

--
-- Indexes for table `states_dist`
--
ALTER TABLE `states_dist`
  ADD PRIMARY KEY (`id`);

--
-- Indexes for table `template`
--
ALTER TABLE `template`
  ADD PRIMARY KEY (`template_id`);

--
-- Indexes for table `transaction`
--
ALTER TABLE `transaction`
  ADD PRIMARY KEY (`id`);

--
-- Indexes for table `users`
--
ALTER TABLE `users`
  ADD PRIMARY KEY (`id`),
  ADD UNIQUE KEY `uc_email` (`email`),
  ADD UNIQUE KEY `uc_activation_selector` (`activation_selector`),
  ADD UNIQUE KEY `uc_forgotten_password_selector` (`forgotten_password_selector`),
  ADD UNIQUE KEY `uc_remember_selector` (`remember_selector`),
  ADD KEY `email` (`email`);

--
-- Indexes for table `users_groups`
--
ALTER TABLE `users_groups`
  ADD PRIMARY KEY (`id`),
  ADD UNIQUE KEY `uc_users_groups` (`user_id`,`group_id`),
  ADD KEY `fk_users_groups_users1_idx` (`user_id`),
  ADD KEY `fk_users_groups_groups1_idx` (`group_id`);

--
-- AUTO_INCREMENT for dumped tables
--

--
-- AUTO_INCREMENT for table `activity`
--
ALTER TABLE `activity`
  MODIFY `id` int(10) NOT NULL AUTO_INCREMENT, AUTO_INCREMENT=923;

--
-- AUTO_INCREMENT for table `advartaise`
--
ALTER TABLE `advartaise`
  MODIFY `id` int(11) NOT NULL AUTO_INCREMENT, AUTO_INCREMENT=21;

--
-- AUTO_INCREMENT for table `assets`
--
ALTER TABLE `assets`
  MODIFY `assets_id` int(2) NOT NULL AUTO_INCREMENT, AUTO_INCREMENT=5;

--
-- AUTO_INCREMENT for table `assignto`
--
ALTER TABLE `assignto`
  MODIFY `id` int(11) NOT NULL AUTO_INCREMENT, AUTO_INCREMENT=9;

--
-- AUTO_INCREMENT for table `blood_group`
--
ALTER TABLE `blood_group`
  MODIFY `bloodgroup_id` int(11) NOT NULL AUTO_INCREMENT, AUTO_INCREMENT=10;

--
-- AUTO_INCREMENT for table `body_type`
--
ALTER TABLE `body_type`
  MODIFY `body_type_id` int(1) NOT NULL AUTO_INCREMENT, AUTO_INCREMENT=4;

--
-- AUTO_INCREMENT for table `cast`
--
ALTER TABLE `cast`
  MODIFY `cast_id` int(10) NOT NULL AUTO_INCREMENT, AUTO_INCREMENT=202;

--
-- AUTO_INCREMENT for table `company`
--
ALTER TABLE `company`
  MODIFY `company_id` int(4) NOT NULL AUTO_INCREMENT, AUTO_INCREMENT=10;

--
-- AUTO_INCREMENT for table `complexion`
--
ALTER TABLE `complexion`
  MODIFY `complexion_id` int(1) NOT NULL AUTO_INCREMENT, AUTO_INCREMENT=6;

--
-- AUTO_INCREMENT for table `contact_time`
--
ALTER TABLE `contact_time`
  MODIFY `contact_time_id` int(2) NOT NULL AUTO_INCREMENT, AUTO_INCREMENT=5;

--
-- AUTO_INCREMENT for table `contact_type`
--
ALTER TABLE `contact_type`
  MODIFY `contact_type_id` int(1) NOT NULL AUTO_INCREMENT, AUTO_INCREMENT=4;

--
-- AUTO_INCREMENT for table `country`
--
ALTER TABLE `country`
  MODIFY `id` int(11) NOT NULL AUTO_INCREMENT, AUTO_INCREMENT=240;

--
-- AUTO_INCREMENT for table `customer_package`
--
ALTER TABLE `customer_package`
  MODIFY `id` int(10) NOT NULL AUTO_INCREMENT, AUTO_INCREMENT=62;

--
-- AUTO_INCREMENT for table `designation`
--
ALTER TABLE `designation`
  MODIFY `desig_id` int(11) NOT NULL AUTO_INCREMENT, AUTO_INCREMENT=8;

--
-- AUTO_INCREMENT for table `diet`
--
ALTER TABLE `diet`
  MODIFY `diet_id` int(1) NOT NULL AUTO_INCREMENT, AUTO_INCREMENT=4;

--
-- AUTO_INCREMENT for table `documents`
--
ALTER TABLE `documents`
  MODIFY `id` int(15) NOT NULL AUTO_INCREMENT, AUTO_INCREMENT=13;

--
-- AUTO_INCREMENT for table `eating_habbit`
--
ALTER TABLE `eating_habbit`
  MODIFY `eating_id` int(1) NOT NULL AUTO_INCREMENT, AUTO_INCREMENT=7;

--
-- AUTO_INCREMENT for table `education`
--
ALTER TABLE `education`
  MODIFY `education_id` int(3) NOT NULL AUTO_INCREMENT, AUTO_INCREMENT=33;

--
-- AUTO_INCREMENT for table `edu_category`
--
ALTER TABLE `edu_category`
  MODIFY `cat_id` int(11) NOT NULL AUTO_INCREMENT, AUTO_INCREMENT=8;

--
-- AUTO_INCREMENT for table `employed_in`
--
ALTER TABLE `employed_in`
  MODIFY `employedin_id` int(1) NOT NULL AUTO_INCREMENT, AUTO_INCREMENT=6;

--
-- AUTO_INCREMENT for table `facilities`
--
ALTER TABLE `facilities`
  MODIFY `id` int(10) NOT NULL AUTO_INCREMENT, AUTO_INCREMENT=107;

--
-- AUTO_INCREMENT for table `facility`
--
ALTER TABLE `facility`
  MODIFY `facility_id` int(3) NOT NULL AUTO_INCREMENT, AUTO_INCREMENT=9;

--
-- AUTO_INCREMENT for table `family_status`
--
ALTER TABLE `family_status`
  MODIFY `family_status_id` int(1) NOT NULL AUTO_INCREMENT, AUTO_INCREMENT=6;

--
-- AUTO_INCREMENT for table `family_type`
--
ALTER TABLE `family_type`
  MODIFY `family_type_id` int(2) NOT NULL AUTO_INCREMENT, AUTO_INCREMENT=6;

--
-- AUTO_INCREMENT for table `faq`
--
ALTER TABLE `faq`
  MODIFY `id` int(10) NOT NULL AUTO_INCREMENT, AUTO_INCREMENT=17;

--
-- AUTO_INCREMENT for table `featured`
--
ALTER TABLE `featured`
  MODIFY `id` int(11) NOT NULL AUTO_INCREMENT, AUTO_INCREMENT=4;

--
-- AUTO_INCREMENT for table `happy_couples`
--
ALTER TABLE `happy_couples`
  MODIFY `id` int(11) NOT NULL AUTO_INCREMENT, AUTO_INCREMENT=35;

--
-- AUTO_INCREMENT for table `horoscope`
--
ALTER TABLE `horoscope`
  MODIFY `id` int(11) NOT NULL AUTO_INCREMENT, AUTO_INCREMENT=12;

--
-- AUTO_INCREMENT for table `job`
--
ALTER TABLE `job`
  MODIFY `job_id` int(11) NOT NULL AUTO_INCREMENT, AUTO_INCREMENT=6;

--
-- AUTO_INCREMENT for table `job_category`
--
ALTER TABLE `job_category`
  MODIFY `job_cat_id` int(3) NOT NULL AUTO_INCREMENT, AUTO_INCREMENT=88;

--
-- AUTO_INCREMENT for table `locations`
--
ALTER TABLE `locations`
  MODIFY `id` int(11) NOT NULL AUTO_INCREMENT, AUTO_INCREMENT=4;

--
-- AUTO_INCREMENT for table `login_attempts`
--
ALTER TABLE `login_attempts`
  MODIFY `id` int(11) UNSIGNED NOT NULL AUTO_INCREMENT, AUTO_INCREMENT=4831;

--
-- AUTO_INCREMENT for table `oneall_user`
--
ALTER TABLE `oneall_user`
  MODIFY `id` int(10) UNSIGNED NOT NULL AUTO_INCREMENT, AUTO_INCREMENT=10023;

--
-- AUTO_INCREMENT for table `operationstatus`
--
ALTER TABLE `operationstatus`
  MODIFY `opr_status_id` int(1) NOT NULL AUTO_INCREMENT, AUTO_INCREMENT=7;

--
-- AUTO_INCREMENT for table `packages`
--
ALTER TABLE `packages`
  MODIFY `id` int(20) NOT NULL AUTO_INCREMENT, AUTO_INCREMENT=17;

--
-- AUTO_INCREMENT for table `partner_prefferences`
--
ALTER TABLE `partner_prefferences`
  MODIFY `id` int(4) NOT NULL AUTO_INCREMENT, AUTO_INCREMENT=7;

--
-- AUTO_INCREMENT for table `prefferences`
--
ALTER TABLE `prefferences`
  MODIFY `pref_id` int(4) NOT NULL AUTO_INCREMENT, AUTO_INCREMENT=16;

--
-- AUTO_INCREMENT for table `register`
--
ALTER TABLE `register`
  MODIFY `reg_id` int(7) NOT NULL AUTO_INCREMENT, AUTO_INCREMENT=65;

--
-- AUTO_INCREMENT for table `religion_area`
--
ALTER TABLE `religion_area`
  MODIFY `area_id` int(11) NOT NULL AUTO_INCREMENT, AUTO_INCREMENT=6;

--
-- AUTO_INCREMENT for table `states_dist`
--
ALTER TABLE `states_dist`
  MODIFY `id` int(10) NOT NULL AUTO_INCREMENT, AUTO_INCREMENT=196;

--
-- AUTO_INCREMENT for table `template`
--
ALTER TABLE `template`
  MODIFY `template_id` int(4) NOT NULL AUTO_INCREMENT, AUTO_INCREMENT=3;

--
-- AUTO_INCREMENT for table `users`
--
ALTER TABLE `users`
  MODIFY `id` int(11) UNSIGNED NOT NULL AUTO_INCREMENT, AUTO_INCREMENT=1020;

--
-- AUTO_INCREMENT for table `users_groups`
--
ALTER TABLE `users_groups`
  MODIFY `id` int(11) UNSIGNED NOT NULL AUTO_INCREMENT, AUTO_INCREMENT=25;
COMMIT;

/*!40101 SET CHARACTER_SET_CLIENT=@OLD_CHARACTER_SET_CLIENT */;
/*!40101 SET CHARACTER_SET_RESULTS=@OLD_CHARACTER_SET_RESULTS */;
/*!40101 SET COLLATION_CONNECTION=@OLD_COLLATION_CONNECTION */;
